Cites,Authors,Title,Year,Source,Publisher,ArticleURL,CitesURL,GSRank,QueryDate,Type,DOI,ISSN,CitationURL,Volume,Issue,StartPage,EndPage,ECC,CitesPerYear,CitesPerAuthor,AuthorCount,Age,Abstract,FullTextURL,RelatedURL
76,"S Raemaekers, A Van Deursen…","The maven repository dataset of metrics, changes, and dependencies",2013,"… Software Repositories …","ieeexplore.ieee.org","https://ieeexplore.ieee.org/abstract/document/6624031/","https://scholar.google.com/scholar?cites=15177499937815021055&as_sdt=2005&sciodt=2007&hl=en",1,"2022-09-05 09:31:27","","","","",,,,,76,8.44,25,3,9,"… The script getunits.sh in the replication package is the main interface to query the Berkeley DB database directly and can be used to obtain information on single methods, classes or …","","https://scholar.google.com/scholar?q=related:_0X6k8dPodIJ:scholar.google.com/&scioq=source:%22mining+software+repositories%22+%22replication+package%22&hl=en&as_sdt=2007&as_ylo=2002&as_yhi=2022"
25,"C Macho, S McIntosh, M Pinzger","Extracting build changes with builddiff",2017,"… Mining Software Repositories …","ieeexplore.ieee.org","https://ieeexplore.ieee.org/abstract/document/7962386/","https://scholar.google.com/scholar?cites=6171829037462856297&as_sdt=2005&sciodt=2007&hl=en",2,"2022-09-05 09:31:27","","","","",,,,,25,5.00,8,3,5,"… of 30 open source Java projects, (3) an evaluation of the performance of this tool, (4) two empirical studies of the frequency and time of build changes, and (5) a replication package that …","https://arxiv.org/pdf/1703.08527","https://scholar.google.com/scholar?q=related:aSJqUM-9plUJ:scholar.google.com/&scioq=source:%22mining+software+repositories%22+%22replication+package%22&hl=en&as_sdt=2007&as_ylo=2002&as_yhi=2022"
12,"G Haben, S Habchi, M Papadakis…","A replication study on the usability of code vocabulary in predicting flaky tests",2021,"… on Mining Software …","ieeexplore.ieee.org","https://ieeexplore.ieee.org/abstract/document/9463145/","https://scholar.google.com/scholar?cites=4048271355539445970&as_sdt=2005&sciodt=2007&hl=en",3,"2022-09-05 09:31:27","","","","",,,,,12,12.00,3,4,1,"… Our replication package containing code, models and datasets is available online1. … This dataset and our experiment toolset are available in a comprehensible replication package. …","https://orbilu.uni.lu/bitstream/10993/46924/1/MSR21_FlakyReplication.pdf","https://scholar.google.com/scholar?q=related:0lhRZVlZLjgJ:scholar.google.com/&scioq=source:%22mining+software+repositories%22+%22replication+package%22&hl=en&as_sdt=2007&as_ylo=2002&as_yhi=2022"
103,"G Robles","Replicating msr: A study of the potential replicability of papers published in the mining software repositories proceedings",2010,"… Conference on Mining Software Repositories (MSR …","ieeexplore.ieee.org","https://ieeexplore.ieee.org/abstract/document/5463348/","https://scholar.google.com/scholar?cites=13510596766124019218&as_sdt=2005&sciodt=2007&hl=en",4,"2022-09-05 09:31:27","","","","",,,,,103,8.58,103,1,12,"… , the way to refer to this information in the paper is only a URL and could be appended, in the same way as keywords are usually provided, just after the abstract as replication package[…","","https://scholar.google.com/scholar?q=related:Eg5dNC1If7sJ:scholar.google.com/&scioq=source:%22mining+software+repositories%22+%22replication+package%22&hl=en&as_sdt=2007&as_ylo=2002&as_yhi=2022"
29,"C Pornprasit…","Jitline: A simpler, better, faster, finer-grained just-in-time defect prediction",2021,"… Software Repositories …","ieeexplore.ieee.org","https://ieeexplore.ieee.org/abstract/document/9463103/","https://scholar.google.com/scholar?cites=10989597472798437286&as_sdt=2005&sciodt=2007&hl=en",5,"2022-09-05 09:31:27","","","","",,,,,29,29.00,15,2,1,"… The used random seed number is reported in our replication package at Zenodo: http://doi.org/10.5281/zenodo.4433498. We follow the experimental setting of the original study [9, 10] (…","https://arxiv.org/pdf/2103.07068","https://scholar.google.com/scholar?q=related:pm-uFq3kgpgJ:scholar.google.com/&scioq=source:%22mining+software+repositories%22+%22replication+package%22&hl=en&as_sdt=2007&as_ylo=2002&as_yhi=2022"
282,"L Ponzanelli, G Bavota, M Di Penta, R Oliveto…","Mining stackoverflow to turn the ide into a self-confident programming prompter",2014,"… software repositories","dl.acm.org","https://dl.acm.org/doi/abs/10.1145/2597073.2597077","https://scholar.google.com/scholar?cites=6016967981264310966&as_sdt=2005&sciodt=2007&hl=en",6,"2022-09-05 09:31:27","","10.1145/2597073.2597077","","",,,,,282,35.25,56,5,8,"… The detailed checklists are available in our replication package. The evaluators compared their independent, and conducted a discussion in case of diverging scores. This happened …","https://people.lu.usi.ch/bavotg/papers/msr2014_Prompter.pdf","https://scholar.google.com/scholar?q=related:tpIo7H-QgFMJ:scholar.google.com/&scioq=source:%22mining+software+repositories%22+%22replication+package%22&hl=en&as_sdt=2007&as_ylo=2002&as_yhi=2022"
3,"W Zhu, MW Godfrey","Mea culpa: How developers fix their own simple bugs differently from other developers",2021,"… on Mining Software Repositories (MSR)","ieeexplore.ieee.org","https://ieeexplore.ieee.org/abstract/document/9463125/","https://scholar.google.com/scholar?cites=15180776778503046878&as_sdt=2005&sciodt=2007&hl=en",7,"2022-09-05 09:31:27","","","","",,,,,3,3.00,2,2,1,"… We also provide a full replication package for our work1. We cloned every project from the list of top 100 Maven projects from the SStuBs dataset in Jan 2021. One of the projects b3log/…","https://arxiv.org/pdf/2103.11894","https://scholar.google.com/scholar?q=related:3kYsgQz0rNIJ:scholar.google.com/&scioq=source:%22mining+software+repositories%22+%22replication+package%22&hl=en&as_sdt=2007&as_ylo=2002&as_yhi=2022"
4,"S Nielebock, P Blockhaus, J Krüger…","AndroidCompass: A Dataset of Android Compatibility Checks in Code Repositories",2021,"… Software Repositories …","ieeexplore.ieee.org","https://ieeexplore.ieee.org/abstract/document/9463151/","https://scholar.google.com/scholar?cites=16370015154578002004&as_sdt=2005&sciodt=2007&hl=en",8,"2022-09-05 09:31:27","","","","",,,,,4,4.00,1,4,1,"… In our replication package, we provide a script using a regular expression to extract the code section succeeding the compatibility check. Since it is a coarse method and to avoid …","https://arxiv.org/pdf/2103.09620","https://scholar.google.com/scholar?q=related:VBBiEA36LeMJ:scholar.google.com/&scioq=source:%22mining+software+repositories%22+%22replication+package%22&hl=en&as_sdt=2007&as_ylo=2002&as_yhi=2022"
0,"A Moharil, D Orlov, S Jameel, T Trouwen…","Between JIRA and GitHub: ASFBot and its Influence on Human Comments in Issue Trackers",2022,"… Software Repositories","win.tue.nl","https://www.win.tue.nl/~aserebre/MSR2022.pdf","",9,"2022-09-05 09:31:27","PDF","","","",,,,,0,0.00,0,5,1,"… The scripts and data used for this study are available as a replication package on Figshare.… as part of the replication package in the Data Cleaning folder. …","https://www.win.tue.nl/~aserebre/MSR2022.pdf","https://scholar.google.com/scholar?q=related:jVNQpjbBnBIJ:scholar.google.com/&scioq=source:%22mining+software+repositories%22+%22replication+package%22&hl=en&as_sdt=2007&as_ylo=2002&as_yhi=2022"
12,"E Parra, A Ellis, S Haiduc","Gittercom: A dataset of open source developer communications in gitter",2020,"… Conference on Mining Software Repositories","dl.acm.org","https://dl.acm.org/doi/abs/10.1145/3379597.3387494","https://scholar.google.com/scholar?cites=8262491987291173062&as_sdt=2005&sciodt=2007&hl=en",10,"2022-09-05 09:31:27","","10.1145/3379597.3387494","","",,,,,12,6.00,4,3,2,"Team communication is essential for the development of modern software systems. For distributed software development teams, such as those found in many open source projects, this …","https://par.nsf.gov/servlets/purl/10220039","https://scholar.google.com/scholar?q=related:xnAAlq9EqnIJ:scholar.google.com/&scioq=source:%22mining+software+repositories%22+%22replication+package%22&hl=en&as_sdt=2007&as_ylo=2002&as_yhi=2022"
149,"A Decan, T Mens, E Constantinou","On the impact of security vulnerabilities in the npm package dependency network",2018,"… on mining software repositories","dl.acm.org","https://dl.acm.org/doi/abs/10.1145/3196398.3196401","https://scholar.google.com/scholar?cites=14486659759966182091&as_sdt=2005&sciodt=2007&hl=en",11,"2022-09-05 09:31:27","","10.1145/3196398.3196401","","",,,,,149,37.25,50,3,4,"… A replication package of our analysis is available on https://doi.org/10.5281/zenodo.1193577 Our study focuses on the following research questions: • RQ0 How many packages are …","https://dl.acm.org/doi/pdf/10.1145/3196398.3196401","https://scholar.google.com/scholar?q=related:y9q6Tkz0CskJ:scholar.google.com/&scioq=source:%22mining+software+repositories%22+%22replication+package%22&hl=en&as_sdt=2007&as_ylo=2002&as_yhi=2022"
9,"Z Codabux, M Vidoni, FH Fard","Technical debt in the peer-review documentation of r packages: A rOpenSci case study",2021,"… Mining Software Repositories …","ieeexplore.ieee.org","https://ieeexplore.ieee.org/abstract/document/9463083/","https://scholar.google.com/scholar?cites=1995756542362880858&as_sdt=2005&sciodt=2007&hl=en",12,"2022-09-05 09:31:27","","","","",,,,,9,9.00,3,3,1,"… In addition, we provide access to our scripts and datasets in the replication package (see Section III-D). We conclude with some implications for researchers and practitioners in the R …","https://arxiv.org/pdf/2103.09340","https://scholar.google.com/scholar?q=related:WouzVQBashsJ:scholar.google.com/&scioq=source:%22mining+software+repositories%22+%22replication+package%22&hl=en&as_sdt=2007&as_ylo=2002&as_yhi=2022"
7,"O El Zarif, DA Da Costa, S Hassan, Y Zou","On the relationship between user churn and software issues",2020,"… Mining Software Repositories","dl.acm.org","https://dl.acm.org/doi/abs/10.1145/3379597.3387456","https://scholar.google.com/scholar?cites=9996735577481774382&as_sdt=2005&sciodt=2007&hl=en",13,"2022-09-05 09:31:27","","10.1145/3379597.3387456","","",,,,,7,3.50,2,4,2,"… We also show some of the examples for each topic in the table (all the examples and analyses are available in our replication package, which is hosted on https://doi. org/10.5281/…","https://seal-queensu.github.io/publications/pdf/MSR-ElZarif-2020.pdf","https://scholar.google.com/scholar?q=related:LoVP8QqKu4oJ:scholar.google.com/&scioq=source:%22mining+software+repositories%22+%22replication+package%22&hl=en&as_sdt=2007&as_ylo=2002&as_yhi=2022"
2,"A Zerouali, C Velázquez-Rodríguez…","Identifying versions of libraries used in stack overflow code snippets",2021,"… Software Repositories …","ieeexplore.ieee.org","https://ieeexplore.ieee.org/abstract/document/9463142/","https://scholar.google.com/scholar?cites=10937110821417896779&as_sdt=2005&sciodt=2007&hl=en",14,"2022-09-05 09:31:27","","","","",,,,,2,2.00,1,3,1,"Stack Overflow is a popular question and answer platform where developers share technical issues in the hope of receiving answers with potential solutions. The latter may include …","https://scholar.google.comftp://prog.vub.ac.be/tech_report/2021/vub-tr-soft-21-02.pdf","https://scholar.google.com/scholar?q=related:S8uxQ1hsyJcJ:scholar.google.com/&scioq=source:%22mining+software+repositories%22+%22replication+package%22&hl=en&as_sdt=2007&as_ylo=2002&as_yhi=2022"
1,"A Schuler, G Kotsis","Mining api interactions to analyze software revisions for the evolution of energy consumption",2021,"… on Mining Software Repositories (MSR)","ieeexplore.ieee.org","https://ieeexplore.ieee.org/abstract/document/9463126/","https://scholar.google.com/scholar?cites=16624448546316539095&as_sdt=2005&sciodt=2007&hl=en",15,"2022-09-05 09:31:27","","","","",,,,,1,1.00,1,2,1,"… For a detailed overview on the covered APIs, refer to our replication package [22]. We further apply statistical analysis to the obtained data to evaluate if a significant change in the API …","https://arxiv.org/pdf/2103.11377","https://scholar.google.com/scholar?q=related:19T0bd_nteYJ:scholar.google.com/&scioq=source:%22mining+software+repositories%22+%22replication+package%22&hl=en&as_sdt=2007&as_ylo=2002&as_yhi=2022"
3,"RH Pfeiffer","Identifying critical projects via pagerank and truck factor",2021,"… Conference on Mining Software Repositories …","ieeexplore.ieee.org","https://ieeexplore.ieee.org/abstract/document/9463111/","https://scholar.google.com/scholar?cites=7687769864286134332&as_sdt=2005&sciodt=2007&hl=en",16,"2022-09-05 09:31:27","","","","",,,,,3,3.00,3,1,1,"… Note, a replication package including the experiment setup and more results than can be presented in this short paper is available online8. …","https://www.researchgate.net/profile/Helge-Pfeiffer-2/publication/351992825_Identifying_Critical_Projects_via_PageRank_and_Truck_Factor/links/60b4a0bb45851557baaf26b3/Identifying-Critical-Projects-via-PageRank-and-Truck-Factor.pdf","https://scholar.google.com/scholar?q=related:PGC6w_VxsGoJ:scholar.google.com/&scioq=source:%22mining+software+repositories%22+%22replication+package%22&hl=en&as_sdt=2007&as_ylo=2002&as_yhi=2022"
30,"A Bandeira, CA Medeiros, M Paixao…","We need to talk about microservices: an analysis from the discussions on stackoverflow",2019,"… Software Repositories …","ieeexplore.ieee.org","https://ieeexplore.ieee.org/abstract/document/8816756/","https://scholar.google.com/scholar?cites=4830539873225042921&as_sdt=2005&sciodt=2007&hl=en",17,"2022-09-05 09:31:27","","","","",,,,,30,10.00,8,4,3,"… Our supporting website [17] presents a complete replication package for our study, including the raw data and outcomes for all steps of our experimental methodology and analyses. …","https://alanpbandeira.github.io/stackoverservices/files/stackoverservices.pdf","https://scholar.google.com/scholar?q=related:6Wvw4GuGCUMJ:scholar.google.com/&scioq=source:%22mining+software+repositories%22+%22replication+package%22&hl=en&as_sdt=2007&as_ylo=2002&as_yhi=2022"
34,"M Paixão, A Uchôa, AC Bibiano, D Oliveira…","Behind the intents: An in-depth empirical study on software refactoring in modern code review",2020,"… Software Repositories","dl.acm.org","https://dl.acm.org/doi/abs/10.1145/3379597.3387475","https://scholar.google.com/scholar?cites=4894384729517448382&as_sdt=2005&sciodt=2007&hl=en",18,"2022-09-05 09:31:27","","10.1145/3379597.3387475","","",,,,,34,17.00,7,5,2,"… code reviews that employed refactoring operations are available in our replication package [39]. … Additional details of this validation are available in our replication package [39]. …","https://discovery.ucl.ac.uk/id/eprint/10094795/1/msr20intent.pdf","https://scholar.google.com/scholar?q=related:vtz73PpY7EMJ:scholar.google.com/&scioq=source:%22mining+software+repositories%22+%22replication+package%22&hl=en&as_sdt=2007&as_ylo=2002&as_yhi=2022"
733,"E Kalliamvakou, G Gousios, K Blincoe…","The promises and perils of mining github",2014,"… software repositories","dl.acm.org","https://dl.acm.org/doi/abs/10.1145/2597073.2597074","https://scholar.google.com/scholar?cites=3738735455931115142&as_sdt=2005&sciodt=2007&hl=en",19,"2022-09-05 09:31:27","","10.1145/2597073.2597074","","",,,,,733,91.63,183,4,8,"With over 10 million git repositories, GitHub is becoming one of the most important source of software artifacts on the Internet. Researchers are starting to mine the information stored in …","https://research.cs.queensu.ca/home/ahmed/home/teaching/CISC880/F14/papers/MiningGitHub_MSR2014.pdf","https://scholar.google.com/scholar?q=related:hqbupxao4jMJ:scholar.google.com/&scioq=source:%22mining+software+repositories%22+%22replication+package%22&hl=en&as_sdt=2007&as_ylo=2002&as_yhi=2022"
4,"F Corò, R Verdecchia, E Cruciani, B Miranda…","JTeC: A large collection of java test classes for test code analysis and processing",2020,"… Software Repositories","dl.acm.org","https://dl.acm.org/doi/abs/10.1145/3379597.3387484","https://scholar.google.com/scholar?cites=1121988709041541938&as_sdt=2005&sciodt=2007&hl=en",20,"2022-09-05 09:31:27","","10.1145/3379597.3387484","","",,,,,4,2.00,1,5,2,"… For lower-level implementation details, we refer the reader to our replication package, containing the entirety of the scripts utilized to generate the dataset2 for the sake of the verification …","https://hal.archives-ouvertes.fr/hal-03007190/file/main.pdf","https://scholar.google.com/scholar?q=related:MpNrTMkakg8J:scholar.google.com/&scioq=source:%22mining+software+repositories%22+%22replication+package%22&hl=en&as_sdt=2007&as_ylo=2002&as_yhi=2022"
6,"M Sridharan, M Mantyla, L Rantala…","Data balancing improves self-admitted technical debt detection",2021,"… Software Repositories …","ieeexplore.ieee.org","https://ieeexplore.ieee.org/abstract/document/9463080/","https://scholar.google.com/scholar?cites=6732265439610601202&as_sdt=2005&sciodt=2007&hl=en",21,"2022-09-05 09:31:27","","","","",,,,,6,6.00,2,4,1,"… Replication package of our experiments for verification and further extension. …","https://arxiv.org/pdf/2103.13165","https://scholar.google.com/scholar?q=related:8v6gjb_PbV0J:scholar.google.com/&scioq=source:%22mining+software+repositories%22+%22replication+package%22&hl=en&as_sdt=2007&as_ylo=2002&as_yhi=2022"
20,"L Sousa, D Cedrim, A Garcia, W Oizumi…","Characterizing and identifying composite refactorings: Concepts, heuristics and patterns",2020,"… Software Repositories","dl.acm.org","https://dl.acm.org/doi/abs/10.1145/3379597.3387477","https://scholar.google.com/scholar?cites=11285641866325219742&as_sdt=2005&sciodt=2007&hl=en",22,"2022-09-05 09:31:27","","10.1145/3379597.3387477","","",,,,,20,10.00,4,5,2,"… We also provide a replication package [43], which includes the scripts that we used to implement the proposed heuristics and the catalog of composite-smell patterns for 11 smell types. …","https://www.researchgate.net/profile/Ana-Bibiano/publication/340492594_Characterizing_and_Identifying_Composite_Refactorings_Concepts_Heuristics_and_Patterns/links/5e8ce67292851c2f5288605a/Characterizing-and-Identifying-Composite-Refactorings-Concepts-Heuristics-and-Patterns.pdf","https://scholar.google.com/scholar?q=related:nlmXyHunnpwJ:scholar.google.com/&scioq=source:%22mining+software+repositories%22+%22replication+package%22&hl=en&as_sdt=2007&as_ylo=2002&as_yhi=2022"
95,"M Linares-Vásquez, A Holtzhauer…","Revisiting android reuse studies in the context of code obfuscation and library usages",2014,"… Software Repositories","dl.acm.org","https://dl.acm.org/doi/abs/10.1145/2597073.2597109","https://scholar.google.com/scholar?cites=14600321757632131862&as_sdt=2005&sciodt=2007&hl=en",23,"2022-09-05 09:31:27","","10.1145/2597073.2597109","","",,,,,95,11.88,32,3,8,"In the recent years, studies of design and programming practices in mobile development are gaining more attention from researchers. Several such empirical studies used Android …","http://citeseerx.ist.psu.edu/viewdoc/download?doi=10.1.1.645.6899&rep=rep1&type=pdf","https://scholar.google.com/scholar?q=related:FvMRYkjDnsoJ:scholar.google.com/&scioq=source:%22mining+software+repositories%22+%22replication+package%22&hl=en&as_sdt=2007&as_ylo=2002&as_yhi=2022"
269,"M Linares-Vásquez, G Bavota…","Mining energy-greedy api usage patterns in android apps: an empirical study",2014,"… software repositories","dl.acm.org","https://dl.acm.org/doi/abs/10.1145/2597073.2597085","https://scholar.google.com/scholar?cites=2881851734788217585&as_sdt=2005&sciodt=2007&hl=en",24,"2022-09-05 09:31:27","","10.1145/2597073.2597085","","",,,,,269,33.63,90,3,8,"… Replication package. All the data used in our study are publicly available online [26]. In particular, we provide (i) the list of the apps and their versions, (ii) the scenarios we used for …","http://citeseerx.ist.psu.edu/viewdoc/download?doi=10.1.1.645.1642&rep=rep1&type=pdf","https://scholar.google.com/scholar?q=related:8RplU-Jk_icJ:scholar.google.com/&scioq=source:%22mining+software+repositories%22+%22replication+package%22&hl=en&as_sdt=2007&as_ylo=2002&as_yhi=2022"
125,"G Bavota, B Russo","A large-scale empirical study on self-admitted technical debt",2016,"… conference on mining software repositories","dl.acm.org","https://dl.acm.org/doi/abs/10.1145/2901739.2901742","https://scholar.google.com/scholar?cites=15661061581903266676&as_sdt=2005&sciodt=2007&hl=en",25,"2022-09-05 09:31:27","","10.1145/2901739.2901742","","",,,,,125,20.83,63,2,6,"Technical debt is a metaphor introduced by Cunningham to indicate"" not quite right code which we postpone making it right"". Examples of technical debt are code smells and bug …","","https://scholar.google.com/scholar?q=related:dIPcaohEV9kJ:scholar.google.com/&scioq=source:%22mining+software+repositories%22+%22replication+package%22&hl=en&as_sdt=2007&as_ylo=2002&as_yhi=2022"
4,"F Santos, I Wiese, B Trinkenreich…","Can i solve it? Identifying APIs required to complete OSS tasks",2021,"… on Mining Software …","ieeexplore.ieee.org","https://ieeexplore.ieee.org/abstract/document/9463078/","https://scholar.google.com/scholar?cites=8018071001764371691&as_sdt=2005&sciodt=2007&hl=en",26,"2022-09-05 09:31:27","","","","",,,,,4,4.00,1,4,1,"… The artifacts used in this phase are also part of the replication package. 1) Participants: We recruited participants from both industry and academia. We reached out to our own students …","https://arxiv.org/pdf/2103.12653","https://scholar.google.com/scholar?q=related:65wGNBjpRW8J:scholar.google.com/&scioq=source:%22mining+software+repositories%22+%22replication+package%22&hl=en&as_sdt=2007&as_ylo=2002&as_yhi=2022"
7,"M Albonico, I Malavolta, G Pinto…","Mining energy-related practices in robotics software",2021,"… on Mining Software …","ieeexplore.ieee.org","https://ieeexplore.ieee.org/abstract/document/9463077/","https://scholar.google.com/scholar?cites=17557580386314912966&as_sdt=2005&sciodt=2007&hl=en",27,"2022-09-05 09:31:27","","","","",,,,,7,7.00,2,4,1,"… For the sake of space, the data extractors are detailed in our replication package, together with their source code and a complete dump of the MongoDB database [6]. The dataset …","https://arxiv.org/pdf/2103.13762","https://scholar.google.com/scholar?q=related:xoSqWVYOqfMJ:scholar.google.com/&scioq=source:%22mining+software+repositories%22+%22replication+package%22&hl=en&as_sdt=2007&as_ylo=2002&as_yhi=2022"
0,"J Musseau, JS Meyers, GP Sieniawski…","Is Open Source Eating the World's Software? Measuring the Proportion of Open Source in Proprietary Software Using Java Binaries",2022,"… on Mining Software …","ieeexplore.ieee.org","https://ieeexplore.ieee.org/abstract/document/9796295/","",28,"2022-09-05 09:31:27","","","","",,,,,0,0.00,0,4,1,"… The complete list of 3,600,000+ distinct FQNs we extracted from Maven-Central is included in our replication package inside the file ""names.uniq.gz"". This list also includes all FQNs …","",""
23,"Y Ma, S Fakhoury, M Christensen…","Automatic classification of software artifacts in open-source applications",2018,"… on Mining Software …","ieeexplore.ieee.org","https://ieeexplore.ieee.org/abstract/document/8595225/","https://scholar.google.com/scholar?cites=8466971589080741786&as_sdt=2005&sciodt=2007&hl=en",29,"2022-09-05 09:31:27","","","","",,,,,23,5.75,6,4,4,"… The complete list of features can be found in our online replication package. Based on the in-depth analysis and manual classification of 894 artifacts, the following conclusion was …","https://rex.libraries.wsu.edu/esploro/fulltext/graduate/Automatic-classification-of-software-artifacts-in/99900525187401842?repId=12338026250001842&mId=13338226490001842&institution=01ALLIANCE_WSU","https://scholar.google.com/scholar?q=related:mnd74sy5gHUJ:scholar.google.com/&scioq=source:%22mining+software+repositories%22+%22replication+package%22&hl=en&as_sdt=2007&as_ylo=2002&as_yhi=2022"
13,"X Jin, F Servant","The hidden cost of code completion: Understanding the impact of the recommendation-list length on its efficiency",2018,"… Conference on Mining Software Repositories","dl.acm.org","https://dl.acm.org/doi/abs/10.1145/3196398.3196474","https://scholar.google.com/scholar?cites=1213782355949484050&as_sdt=2005&sciodt=2007&hl=en",30,"2022-09-05 09:31:27","","10.1145/3196398.3196474","","",,,,,13,3.25,7,2,4,"Automatic code completion is a useful and popular technique that software developers use to write code more effectively and efficiently. However, while the benefits of code completion …","https://people.cs.vt.edu/xianhao8/2018_msrch_xianhao.pdf","https://scholar.google.com/scholar?q=related:EngBMZ842BAJ:scholar.google.com/&scioq=source:%22mining+software+repositories%22+%22replication+package%22&hl=en&as_sdt=2007&as_ylo=2002&as_yhi=2022"
1,"P Sri-Iesaranusorn, RG Kula…","Does Code Review Promote Conformance? A Study of OpenStack Patches",2021,"… Software Repositories …","ieeexplore.ieee.org","https://ieeexplore.ieee.org/abstract/document/9463066/","https://scholar.google.com/scholar?cites=15457969230215015879&as_sdt=2005&sciodt=2007&hl=en",31,"2022-09-05 09:31:27","","","","",,,,,1,1.00,0,3,1,"Code Review plays a crucial role in software quality, by allowing reviewers to discuss and critique any new patches before they can be successfully integrated into the project code. Yet, …","https://arxiv.org/pdf/2103.08595","https://scholar.google.com/scholar?q=related:x23icx29hdYJ:scholar.google.com/&scioq=source:%22mining+software+repositories%22+%22replication+package%22&hl=en&as_sdt=2007&as_ylo=2002&as_yhi=2022"
6,"I Malavolta, K Chinnappan, S Swanborn…","Mining the ROS ecosystem for green architectural tactics in robotics and an empirical evaluation",2021,"… on Mining Software …","ieeexplore.ieee.org","https://ieeexplore.ieee.org/abstract/document/9463098/","https://scholar.google.com/scholar?cites=17570803303147744350&as_sdt=2005&sciodt=2007&hl=en",32,"2022-09-05 09:31:27","","","","",,,,,6,6.00,2,4,1,"… To foster independent verification and replication, a full replication package of this study is … The full set is available in the replication package. Three researchers are involved in this step …","https://www.researchgate.net/profile/Ivano-Malavolta/publication/350994596_Mining_the_ROS_ecosystem_for_Green_Architectural_Tactics_in_Robotics_and_an_Empirical_Evaluation/links/607e8f3f2fb9097c0cf760d3/Mining-the-ROS-ecosystem-for-Green-Architectural-Tactics-in-Robotics-and-an-Empirical-Evaluation.pdf","https://scholar.google.com/scholar?q=related:XqxhloII2PMJ:scholar.google.com/&scioq=source:%22mining+software+repositories%22+%22replication+package%22&hl=en&as_sdt=2007&as_ylo=2002&as_yhi=2022"
20,"J Jiarpakdee, CK Tantithamthavorn…","Practitioners' perceptions of the goals and visual explanations of defect prediction models",2021,"… Software Repositories …","ieeexplore.ieee.org","https://ieeexplore.ieee.org/abstract/document/9463073/","https://scholar.google.com/scholar?cites=7323529604084022357&as_sdt=2005&sciodt=2007&hl=en",33,"2022-09-05 09:31:27","","","","",,,,,20,20.00,7,3,1,"… We also provided a detailed replication package and a tutorial in Zenodo [15]. • We investigated the key factors that impact practitioners’ perceptions of the goals of defect prediction …","https://arxiv.org/pdf/2102.12007","https://scholar.google.com/scholar?q=related:VTx8iV9nomUJ:scholar.google.com/&scioq=source:%22mining+software+repositories%22+%22replication+package%22&hl=en&as_sdt=2007&as_ylo=2002&as_yhi=2022"
19,"S Wang, NH Phan, Y Wang…","Extracting API tips from developer question and answer websites",2019,"… Software Repositories …","ieeexplore.ieee.org","https://ieeexplore.ieee.org/abstract/document/8816774/","https://scholar.google.com/scholar?cites=18210633196772122200&as_sdt=2005&sciodt=2007&hl=en",34,"2022-09-05 09:31:27","","","","",,,,,19,6.33,5,4,3,"The success of question and answer (Q&A) websites attracts massive user-generated content for using and learning APIs, which easily leads to information overload: many questions …","","https://scholar.google.com/scholar?q=related:WN6JjGgqufwJ:scholar.google.com/&scioq=source:%22mining+software+repositories%22+%22replication+package%22&hl=en&as_sdt=2007&as_ylo=2002&as_yhi=2022"
20,"BA Muse, MM Rahman, C Nagy, A Cleve…","On the prevalence, impact, and evolution of SQL code smells in data-intensive systems",2020,"… software repositories","dl.acm.org","https://dl.acm.org/doi/abs/10.1145/3379597.3387467","https://scholar.google.com/scholar?cites=9189104308344454569&as_sdt=2005&sciodt=2007&hl=en",35,"2022-09-05 09:31:27","","10.1145/3379597.3387467","","",,,,,20,10.00,4,5,2,"… The complete keyword list is available in the replication package [42]. Our tool searches for each keyword in the commit messages, and separates the commits containing the keywords …","https://arxiv.org/pdf/2201.02215","https://scholar.google.com/scholar?q=related:qf3htq5Bhn8J:scholar.google.com/&scioq=source:%22mining+software+repositories%22+%22replication+package%22&hl=en&as_sdt=2007&as_ylo=2002&as_yhi=2022"
9,"NA Ernst","Bayesian hierarchical modelling for tailoring metric thresholds",2018,"… conference on mining software repositories","dl.acm.org","https://dl.acm.org/doi/abs/10.1145/3196398.3196443","https://scholar.google.com/scholar?cites=17982987573455720012&as_sdt=2005&sciodt=2007&hl=en",36,"2022-09-05 09:31:27","","10.1145/3196398.3196443","","",,,,,9,2.25,9,1,4,"Software is highly contextual. While there are cross-cutting'global'lessons, individual software projects exhibit many'local'properties. This data heterogeneity makes drawing local …","https://arxiv.org/pdf/1804.02443","https://scholar.google.com/scholar?q=related:TI4XjOtnkPkJ:scholar.google.com/&scioq=source:%22mining+software+repositories%22+%22replication+package%22&hl=en&as_sdt=2007&as_ylo=2002&as_yhi=2022"
13,"J Walden","The impact of a major security event on an open source project: The case of OpenSSL",2020,"… Conference on Mining Software Repositories","dl.acm.org","https://dl.acm.org/doi/abs/10.1145/3379597.3387465","https://scholar.google.com/scholar?cites=12115432178019924880&as_sdt=2005&sciodt=2007&hl=en",37,"2022-09-05 09:31:27","","10.1145/3379597.3387465","","",,,,,13,6.50,13,1,2,"… We have provided a replication package for this paper [48], which includes the software metrics and project activity data used in this paper. The package includes data collection scripts …","https://arxiv.org/pdf/2005.14242","https://scholar.google.com/scholar?q=related:kPs2J2CpIqgJ:scholar.google.com/&scioq=source:%22mining+software+repositories%22+%22replication+package%22&hl=en&as_sdt=2007&as_ylo=2002&as_yhi=2022"
15,"A Uchôa, C Barbosa, D Coutinho…","Predicting design impactful changes in modern code review: A large-scale empirical study",2021,"… on Mining Software …","ieeexplore.ieee.org","https://ieeexplore.ieee.org/abstract/document/9463137/","https://scholar.google.com/scholar?cites=1445549515025068713&as_sdt=2005&sciodt=2007&hl=en",38,"2022-09-05 09:31:27","","","","",,,,,15,15.00,4,4,1,"… (5) an enriched dataset and replication package that allows researchers to investigate the context … strategies, and thresholds for each type of symptom in the replication package [42]. …","https://anderson-uchoa.github.io/publications/UchoaBCOARVAPOG21.pdf","https://scholar.google.com/scholar?q=related:qbJOBKCfDxQJ:scholar.google.com/&scioq=source:%22mining+software+repositories%22+%22replication+package%22&hl=en&as_sdt=2007&as_ylo=2002&as_yhi=2022"
24,"S Scalabrino, G Bavota…","Data-driven solutions to detect api compatibility issues in android: an empirical study",2019,"… on Mining Software …","ieeexplore.ieee.org","https://ieeexplore.ieee.org/abstract/document/8816731/","https://scholar.google.com/scholar?cites=16401878463466883237&as_sdt=2005&sciodt=2007&hl=en",39,"2022-09-05 09:31:27","","","","",,,,,24,8.00,8,3,3,"… of packages we consider as part of the Android APIs is available in our replication package. … The verifiability of our study is guaranteed through a publicly available replication package […","https://www.inf.usi.ch/faculty/lanza/Downloads/Scal2019a.pdf","https://scholar.google.com/scholar?q=related:pcgSyI8tn-MJ:scholar.google.com/&scioq=source:%22mining+software+repositories%22+%22replication+package%22&hl=en&as_sdt=2007&as_ylo=2002&as_yhi=2022"
2,"GL Scoccia, P Migliarini, M Autili","Challenges in Developing Desktop Web Apps: a Study of Stack Overflow and GitHub",2021,"… Mining Software Repositories …","ieeexplore.ieee.org","https://ieeexplore.ieee.org/abstract/document/9463138/","https://scholar.google.com/scholar?cites=17123461598610720855&as_sdt=2005&sciodt=2007&hl=en",40,"2022-09-05 09:31:27","","","","",,,,,2,2.00,1,3,1,"… In order to allow independent verification and replication of the performed study, we make publicly available a full replication package containing the obtained raw data and all the …","https://gianlucascoccia.github.io/assets/pdf/MSR2021.pdf","https://scholar.google.com/scholar?q=related:Vwg8lpnBou0J:scholar.google.com/&scioq=source:%22mining+software+repositories%22+%22replication+package%22&hl=en&as_sdt=2007&as_ylo=2002&as_yhi=2022"
3,"SW Flint, J Chauhan, R Dyer","Escaping the time pit: Pitfalls and guidelines for using time-based git data",2021,"… on Mining Software Repositories …","ieeexplore.ieee.org","https://ieeexplore.ieee.org/abstract/document/9463113/","https://scholar.google.com/scholar?cites=15297746443388799983&as_sdt=2005&sciodt=2007&hl=en",41,"2022-09-05 09:31:27","","","","",,,,,3,3.00,1,3,1,"… The results of this selection process are shown in Table I and the spreadsheet including all identified papers and human judgements is available in our replication package [5]. …","https://arxiv.org/pdf/2103.11339","https://scholar.google.com/scholar?q=related:70sv3laDTNQJ:scholar.google.com/&scioq=source:%22mining+software+repositories%22+%22replication+package%22&hl=en&as_sdt=2007&as_ylo=2002&as_yhi=2022"
1,"A Imam, T Dey","Tracking Hackathon Code Creation and Reuse",2021,"… Conference on Mining Software Repositories …","ieeexplore.ieee.org","https://ieeexplore.ieee.org/abstract/document/9463076/","https://scholar.google.com/scholar?cites=4969450613745274148&as_sdt=2005&sciodt=2007&hl=en",42,"2022-09-05 09:31:27","","","","",,,,,1,1.00,1,2,1,"… Complete results of an extension of this hackathon project is available at [5], and the replication package … [6] “Replication package,” https://github.com/woc-hack/track hack. [7] Y. Ma, C. …","https://arxiv.org/pdf/2103.10167","https://scholar.google.com/scholar?q=related:JE0iAQEJ90QJ:scholar.google.com/&scioq=source:%22mining+software+repositories%22+%22replication+package%22&hl=en&as_sdt=2007&as_ylo=2002&as_yhi=2022"
30,"M Claes, T Mens, R Di Cosmo…","A historical analysis of Debian package incompatibilities",2015,"… Software Repositories","ieeexplore.ieee.org","https://ieeexplore.ieee.org/abstract/document/7180081/","https://scholar.google.com/scholar?cites=8647208068741055217&as_sdt=2005&sciodt=2007&hl=en",43,"2022-09-05 09:31:27","","","","",,,,,30,4.29,8,4,7,"… A replication package containing the data, scripts and results of our analysis is available online via the following URL: http://www.dicosmo.org/replication/msr2015-coinst. …","https://www.researchgate.net/profile/Tom-Mens/publication/301747032_A_Historical_Analysis_of_Debian_Package_Incompatibilities/links/5724c6a508aef9c00b84650b/A-Historical-Analysis-of-Debian-Package-Incompatibilities.pdf","https://scholar.google.com/scholar?q=related:8cIzdOwNAXgJ:scholar.google.com/&scioq=source:%22mining+software+repositories%22+%22replication+package%22&hl=en&as_sdt=2007&as_ylo=2002&as_yhi=2022"
0,"F Zampetti, V Nardone…","Problems and Solutions in Applying Continuous Integration and Delivery to 20 Open-Source Cyber-Physical Systems",2022,"… Software Repositories …","ieeexplore.ieee.org","https://ieeexplore.ieee.org/abstract/document/9796215/","",44,"2022-09-05 09:31:27","","","","",,,,,0,0.00,0,3,1,"… We only report and detail (with qualitative examples) relations occurring more than once, while you can find all the occurrences in our replication package [45]. Since for bad practices …","https://mdipenta.github.io/files/msr2022-cps.pdf",""
34,"F Pecorelli, F Palomba, F Khomh…","Developer-driven code smell prioritization",2020,"… Software Repositories","dl.acm.org","https://dl.acm.org/doi/abs/10.1145/3379597.3387457","https://scholar.google.com/scholar?cites=17580237338190420266&as_sdt=2005&sciodt=2007&hl=en",45,"2022-09-05 09:31:27","","10.1145/3379597.3387457","","",,,,,34,17.00,9,4,2,"… A summary of the performance of the other classifiers is available in our replication package [72]. In the first place, it is worth noting that the performance values of our model are rather …","https://fpalomba.github.io/pdf/Conferencs/C48.pdf","https://scholar.google.com/scholar?q=related:KhnmCbeM-fMJ:scholar.google.com/&scioq=source:%22mining+software+repositories%22+%22replication+package%22&hl=en&as_sdt=2007&as_ylo=2002&as_yhi=2022"
33,"C Laaber, P Leitner","An evaluation of open-source software microbenchmark suites for continuous performance assessment",2018,"… on Mining Software Repositories (MSR)","ieeexplore.ieee.org","https://ieeexplore.ieee.org/abstract/document/8595195/","https://scholar.google.com/scholar?cites=7652051615855921932&as_sdt=2005&sciodt=2007&hl=en",46,"2022-09-05 09:31:27","","","","",,,,,33,8.25,17,2,4,"… All data and analysis scripts are provided in a replication package [26]. Further, Table 3 presents the distribution of the maxSpread of each benchmark for the study subjects. The table …","https://www.zora.uzh.ch/id/eprint/159079/1/msr18-author-version.pdf","https://scholar.google.com/scholar?q=related:DMsL_maMMWoJ:scholar.google.com/&scioq=source:%22mining+software+repositories%22+%22replication+package%22&hl=en&as_sdt=2007&as_ylo=2002&as_yhi=2022"
2,"R Amlekar, AFR Gamboa, K Gallaba…","Do software engineers use autocompletion features differently than other developers?",2018,"… Software Repositories …","ieeexplore.ieee.org","https://ieeexplore.ieee.org/abstract/document/8595186/","https://scholar.google.com/scholar?cites=13235247824781609710&as_sdt=2005&sciodt=2007&hl=en",47,"2022-09-05 09:31:27","","","","",,,,,2,0.50,1,4,4,"… The code for this can be found in our replication package.We also use the Mann-Whitney U tests and Cliff’s delta to test for significant differences among the event types and measure …","http://www.rebels.ece.mcgill.ca/papers/msr2018_amlekar.pdf","https://scholar.google.com/scholar?q=related:7ope9sULrbcJ:scholar.google.com/&scioq=source:%22mining+software+repositories%22+%22replication+package%22&hl=en&as_sdt=2007&as_ylo=2002&as_yhi=2022"
5,"X Jin, F Servant","What edits are done on the highly answered questions in stack overflow? an empirical study",2019,"… Conference on Mining Software Repositories …","ieeexplore.ieee.org","https://ieeexplore.ieee.org/abstract/document/8816767/","https://scholar.google.com/scholar?cites=2591574364141123386&as_sdt=2005&sciodt=2007&hl=en",48,"2022-09-05 09:31:27","","","","",,,,,5,1.67,3,2,3,"Stack Overflow is the most-widely-used online question-and-answer platform for software developers to solve problems and communicate experience. Stack Overflow believes in the …","https://people.cs.vt.edu/xianhao8/MSR2019.pdf","https://scholar.google.com/scholar?q=related:OvejRycf9yMJ:scholar.google.com/&scioq=source:%22mining+software+repositories%22+%22replication+package%22&hl=en&as_sdt=2007&as_ylo=2002&as_yhi=2022"
12,"M Ciniselli, N Cooper, L Pascarella…","An empirical study on the usage of BERT models for code completion",2021,"… on Mining Software …","ieeexplore.ieee.org","https://ieeexplore.ieee.org/abstract/document/9463129/","https://scholar.google.com/scholar?cites=16419244850723573365&as_sdt=2005&sciodt=2007&hl=en",49,"2022-09-05 09:31:27","","","","",,,,,12,12.00,3,4,1,"… All predictions are available in our replication package [41]. Besides this, as explained in Section III, we also manually analyzed 100 non-perfect predictions in each test dataset, to …","https://arxiv.org/pdf/2103.07115","https://scholar.google.com/scholar?q=related:dU6K5zLg3OMJ:scholar.google.com/&scioq=source:%22mining+software+repositories%22+%22replication+package%22&hl=en&as_sdt=2007&as_ylo=2002&as_yhi=2022"
4,"L Quaranta, F Calefato…","KGTorrent: A dataset of python Jupyter notebooks from kaggle",2021,"… Software Repositories …","ieeexplore.ieee.org","https://ieeexplore.ieee.org/abstract/document/9463068/","https://scholar.google.com/scholar?cites=9240923332310869779&as_sdt=2005&sciodt=2007&hl=en",50,"2022-09-05 09:31:27","","","","",,,,,4,4.00,1,3,1,"… [4] shared the replication package scripts and results, but not the dataset); moreover, none of the studies analyzed notebooks from the Kaggle platform. Researchers interested in this …","https://arxiv.org/pdf/2103.10558","https://scholar.google.com/scholar?q=related:EycCa89aPoAJ:scholar.google.com/&scioq=source:%22mining+software+repositories%22+%22replication+package%22&hl=en&as_sdt=2007&as_ylo=2002&as_yhi=2022"
64,"R Coelho, L Almeida, G Gousios…","Unveiling exception handling bug hazards in android based on github and google code issues",2015,"… Software Repositories","ieeexplore.ieee.org","https://ieeexplore.ieee.org/abstract/document/7180074/","https://scholar.google.com/scholar?cites=16608966784203139998&as_sdt=2005&sciodt=2007&hl=en",51,"2022-09-05 09:31:27","","","","",,,,,64,9.14,16,4,7,"This paper reports on a study mining the exception stack traces included in 159,048 issues reported on Android projects hosted in GitHub (482 projects) and Google Code (157 projects)…","https://repository.ubn.ru.nl/bitstream/handle/2066/151500/151500.pdf?sequence=1&isAllowed=y","https://scholar.google.com/scholar?q=related:nquwykrnfuYJ:scholar.google.com/&scioq=source:%22mining+software+repositories%22+%22replication+package%22&hl=en&as_sdt=2007&as_ylo=2002&as_yhi=2022"
67,"G Robles, JM González-Barahona, C Cervigón…","Estimating development effort in free/open source software projects by mining software repositories: a case study of openstack",2014,"… Software Repositories","dl.acm.org","https://dl.acm.org/doi/abs/10.1145/2597073.2597107","https://scholar.google.com/scholar?cites=9955662015534123334&as_sdt=2005&sciodt=2007&hl=en",52,"2022-09-05 09:31:27","","10.1145/2597073.2597107","","",,,,,67,8.38,17,4,8,"… The replication package contains all scripts and public information, but not all the results of the survey, as personal information was collected. Aggregated and anonymized information …","https://core.ac.uk/download/pdf/30340146.pdf","https://scholar.google.com/scholar?q=related:RsnCE9udKYoJ:scholar.google.com/&scioq=source:%22mining+software+repositories%22+%22replication+package%22&hl=en&as_sdt=2007&as_ylo=2002&as_yhi=2022"
8,"MA Al Alamin, S Malakar, G Uddin…","An empirical study of developer discussions on low-code software development challenges",2021,"… on Mining Software …","ieeexplore.ieee.org","https://ieeexplore.ieee.org/abstract/document/9463132/","https://scholar.google.com/scholar?cites=6743574732314154806&as_sdt=2005&sciodt=2007&hl=en",53,"2022-09-05 09:31:27","","","","",,,,,8,8.00,2,4,1,"Low-code software development (LCSD) is an emerging paradigm that combines minimal source code with interactive graphical interfaces to promote rapid application development. …","https://arxiv.org/pdf/2103.11429","https://scholar.google.com/scholar?q=related:Npfic339lV0J:scholar.google.com/&scioq=source:%22mining+software+repositories%22+%22replication+package%22&hl=en&as_sdt=2007&as_ylo=2002&as_yhi=2022"
22,"S Beyer, M Pinzger","Grouping android tag synonyms on stack overflow",2016,"… Conference on Mining Software Repositories","dl.acm.org","https://dl.acm.org/doi/abs/10.1145/2901739.2901750","https://scholar.google.com/scholar?cites=8286732523995322281&as_sdt=2005&sciodt=2007&hl=en",54,"2022-09-05 09:31:27","","10.1145/2901739.2901750","","",,,,,22,3.67,11,2,6,"On Stack Overflow, more than 38,000 diverse tags are used to classify posts. The Stack Overflow community provides tag synonyms to reduce the number of tags that have the same or …","https://serg.aau.at/pub/StefanieBeyer/Publications/msr16_grouping_tag_synonyms.pdf","https://scholar.google.com/scholar?q=related:qddqWVNjAHMJ:scholar.google.com/&scioq=source:%22mining+software+repositories%22+%22replication+package%22&hl=en&as_sdt=2007&as_ylo=2002&as_yhi=2022"
5,"A Pietri, G Rousseau, S Zacchiroli","Forking without clicking: On how to identify software repository forks",2020,"… on Mining Software Repositories","dl.acm.org","https://dl.acm.org/doi/abs/10.1145/3379597.3387450","https://scholar.google.com/scholar?cites=12543784618213673602&as_sdt=2005&sciodt=2007&hl=en",55,"2022-09-05 09:31:27","","10.1145/3379597.3387450","","",,,,,5,2.50,2,3,2,"… 3Additional URL gymnastic is needed in the query to cross-reference GHTorrent project URLs with Software Heritage ones; we refer to the replication package for this kind of details. …","https://arxiv.org/pdf/2011.07821","https://scholar.google.com/scholar?q=related:goqig6Z5FK4J:scholar.google.com/&scioq=source:%22mining+software+repositories%22+%22replication+package%22&hl=en&as_sdt=2007&as_ylo=2002&as_yhi=2022"
3,"D Gonzalez, M Rath, M Mirakhorli","Did you remember to test your tokens?",2020,"… on Mining Software Repositories","dl.acm.org","https://dl.acm.org/doi/abs/10.1145/3379597.3387471","https://scholar.google.com/scholar?cites=2110333891480755065&as_sdt=2005&sciodt=2007&hl=en",56,"2022-09-05 09:31:27","","10.1145/3379597.3387471","","",,,,,3,1.50,1,3,2,"… Finally, we provide an online appendix which includes ❺ the test guide and ❻ a replication package containing our unit test dataset, grounded theory artifacts, and supplementary …","https://arxiv.org/pdf/2006.14553","https://scholar.google.com/scholar?q=related:eZstR35pSR0J:scholar.google.com/&scioq=source:%22mining+software+repositories%22+%22replication+package%22&hl=en&as_sdt=2007&as_ylo=2002&as_yhi=2022"
0,"S Kochanthara, Y Dajsuren, L Cleophas…","Painting the Landscape of Automotive Software in GitHub",2022,"… on Mining Software …","ieeexplore.ieee.org","https://ieeexplore.ieee.org/abstract/document/9796157/","",57,"2022-09-05 09:31:27","","","","",,,,,0,0.00,0,4,1,"… A complete list of the topics (along with its search term) is available as a part of our replication package [23]. Further, to identify relevant repositories that do not use topics, we selected …","https://arxiv.org/pdf/2203.08936","https://scholar.google.com/scholar?q=related:MmHE7GDNQUQJ:scholar.google.com/&scioq=source:%22mining+software+repositories%22+%22replication+package%22&hl=en&as_sdt=2007&as_ylo=2002&as_yhi=2022"
1,"L Montgomery, C Lüders…","An Alternative Issue Tracking Dataset of Public Jira Repositories",2022,"… Software Repositories …","ieeexplore.ieee.org","https://ieeexplore.ieee.org/abstract/document/9796369/","https://scholar.google.com/scholar?cites=7502340860139720231&as_sdt=2005&sciodt=2007&hl=en",58,"2022-09-05 09:31:27","","","","",,,,,1,1.00,0,3,1,"Organisations use issue tracking systems (ITSs) to track and document their projects' work in units called issues. This style of documentation encourages evolutionary refinement, as …","","https://scholar.google.com/scholar?q=related:J86GYEOrHWgJ:scholar.google.com/&scioq=source:%22mining+software+repositories%22+%22replication+package%22&hl=en&as_sdt=2007&as_ylo=2002&as_yhi=2022"
7,"J Tsay, A Braz, M Hirzel, A Shinnar…","Aimmx: Artificial intelligence model metadata extractor",2020,"… Software Repositories","dl.acm.org","https://dl.acm.org/doi/abs/10.1145/3379597.3387448","https://scholar.google.com/scholar?cites=16232562005841130010&as_sdt=2005&sciodt=2007&hl=en",59,"2022-09-05 09:31:27","","10.1145/3379597.3387448","","",,,,,7,3.50,1,5,2,"… The evaluation dataset is available as part of the replication package. After extraction, the metadata is ready for consumption in both machinereadable and human-readable states. See …","http://www.jsntsay.com/publications/tsay-msr2020.pdf","https://scholar.google.com/scholar?q=related:GrKp-COlReEJ:scholar.google.com/&scioq=source:%22mining+software+repositories%22+%22replication+package%22&hl=en&as_sdt=2007&as_ylo=2002&as_yhi=2022"
0,"A Vlasova, M Tigina, I Vlasov, A Birillo…","Lupa: A Framework for Large Scale Analysis of the Programming Language Usage",2022,"… on Mining Software …","ieeexplore.ieee.org","https://ieeexplore.ieee.org/abstract/document/9796207/","",60,"2022-09-05 09:31:27","","","","",,,,,0,0.00,0,5,1,"In this paper, we present Lupa - a platform for large-scale analysis of the programming language usage. Lupa is a command line tool that uses the power of the IntelliJ Platform under …","","https://scholar.google.com/scholar?q=related:bILU-iaF8FcJ:scholar.google.com/&scioq=source:%22mining+software+repositories%22+%22replication+package%22&hl=en&as_sdt=2007&as_ylo=2002&as_yhi=2022"
2,"K Eng, A Hindle","Revisiting Dockerfiles in Open Source Software Over Time",2021,"… Conference on Mining Software Repositories …","ieeexplore.ieee.org","https://ieeexplore.ieee.org/abstract/document/9463072/","https://scholar.google.com/scholar?cites=17925209401173815764&as_sdt=2005&sciodt=2007&hl=en",61,"2022-09-05 09:31:27","","","","",,,,,2,2.00,1,2,1,"… We also provide a replication package to reproduce our work [4]. To our knowledge, this is … We have included a replication package [4] to further encourage future investigations on …","https://arxiv.org/pdf/2103.12298","https://scholar.google.com/scholar?q=related:1DF1gfoiw_gJ:scholar.google.com/&scioq=source:%22mining+software+repositories%22+%22replication+package%22&hl=en&as_sdt=2007&as_ylo=2002&as_yhi=2022"
2,"A Imam, T Dey, A Nolte, A Mockus…","The Secret Life of Hackathon Code Where does it come from and where does it go?",2021,"… Software Repositories …","ieeexplore.ieee.org","https://ieeexplore.ieee.org/abstract/document/9463116/","https://scholar.google.com/scholar?cites=15153434056827159628&as_sdt=2005&sciodt=2007&hl=en",62,"2022-09-05 09:31:27","","","","",,,,,2,2.00,0,5,1,"… The replication package for our study is available at [27]. … https://arxiv.org/pdf/2010.16196 [27] “Replication package,” https://github.com/woc-hack/track hack. [28] S. Haefliger, G. …","https://par.nsf.gov/servlets/purl/10284447","https://scholar.google.com/scholar?q=related:TER9BP3PS9IJ:scholar.google.com/&scioq=source:%22mining+software+repositories%22+%22replication+package%22&hl=en&as_sdt=2007&as_ylo=2002&as_yhi=2022"
11,"D Serra, G Grano, F Palomba, F Ferrucci…","On the effectiveness of manual and automatic unit test generation: ten years later",2019,"… on Mining Software …","ieeexplore.ieee.org","https://ieeexplore.ieee.org/abstract/document/8816768/","https://scholar.google.com/scholar?cites=12833729496470158174&as_sdt=2005&sciodt=2007&hl=en",63,"2022-09-05 09:31:27","","","","",,,,,11,3.67,2,5,3,"Good unit tests play a paramount role when it comes to foster and evaluate software quality. However, writing effective tests is an extremely costly and time consuming practice. To …","https://www.zora.uzh.ch/id/eprint/171578/1/msr19.pdf","https://scholar.google.com/scholar?q=related:XnuOJPuQGrIJ:scholar.google.com/&scioq=source:%22mining+software+repositories%22+%22replication+package%22&hl=en&as_sdt=2007&as_ylo=2002&as_yhi=2022"
0,"M Tsunoda, A Monden, K Toda, A Tahir…","Using Bandit Algorithms for Selecting Feature Reduction Techniques in Software Defect Prediction",2022,"… on Mining Software …","ieeexplore.ieee.org","https://ieeexplore.ieee.org/abstract/document/9796258/","",64,"2022-09-05 09:31:27","","","","",,,,,0,0.00,0,5,1,"Background: Selecting a suitable feature reduction technique, when building a defect prediction model, can be challenging. Different techniques can result in the selection of different …","https://www.researchgate.net/profile/Amjed-Tahir/publication/359697979_Effect_of_Bandit_Algorithms_on_Selecting_Feature_Reduction_Techniques_in_Software_Defect_Prediction/links/6248ec2f57084c718b81dd7f/Effect-of-Bandit-Algorithms-on-Selecting-Feature-Reduction-Techniques-in-Software-Defect-Prediction.pdf","https://scholar.google.com/scholar?q=related:WuOP84N9ixoJ:scholar.google.com/&scioq=source:%22mining+software+repositories%22+%22replication+package%22&hl=en&as_sdt=2007&as_ylo=2002&as_yhi=2022"
16,"D Spinellis, Z Kotti, A Mockus","A dataset for github repository deduplication",2020,"… on mining software repositories","dl.acm.org","https://dl.acm.org/doi/abs/10.1145/3379597.3387496","https://scholar.google.com/scholar?cites=12000916289800822325&as_sdt=2005&sciodt=2007&hl=en",65,"2022-09-05 09:31:27","","10.1145/3379597.3387496","","",,,,,16,8.00,5,3,2,"GitHub projects can be easily replicated through the site's fork process or through a Git clone-push sequence. This is a problem for empirical software engineering, because it can lead …","https://arxiv.org/pdf/2002.02314","https://scholar.google.com/scholar?q=related:Nd7GMMjRi6YJ:scholar.google.com/&scioq=source:%22mining+software+repositories%22+%22replication+package%22&hl=en&as_sdt=2007&as_ylo=2002&as_yhi=2022"
25,"D Spadini, M Schvarcbacher, AM Oprescu…","Investigating severity thresholds for test smells",2020,"… Software Repositories","dl.acm.org","https://dl.acm.org/doi/abs/10.1145/3379597.3387453","https://scholar.google.com/scholar?cites=5717752340698017784&as_sdt=2005&sciodt=2007&hl=en",66,"2022-09-05 09:31:27","","10.1145/3379597.3387453","","",,,,,25,12.50,6,4,2,"… The distribution of the metrics across the observed projects for each test smell can be found in the replication package [28]… Replication package. https://doi.org/10.5281/zenodo. 3611111 …","https://dl.acm.org/doi/pdf/10.1145/3379597.3387453","https://scholar.google.com/scholar?q=related:-K_2vHWJWU8J:scholar.google.com/&scioq=source:%22mining+software+repositories%22+%22replication+package%22&hl=en&as_sdt=2007&as_ylo=2002&as_yhi=2022"
15,"W Wang, G Poo-Caamaño, E Wilde…","What is the gist? Understanding the use of public gists on GitHub",2015,"… Software Repositories","ieeexplore.ieee.org","https://ieeexplore.ieee.org/abstract/document/7180090/","https://scholar.google.com/scholar?cites=16658491060516968482&as_sdt=2005&sciodt=2007&hl=en",67,"2022-09-05 09:31:27","","","","",,,,,15,2.14,4,4,7,"… This data is available in the replication package at http://turingmachine.org/2015/gists. Table II summarizes the metadata associated with a Gist. As Gists use Git for their underlying …","https://etcwilde.github.io/assets/papers/2015_msr_understanding-gists.pdf","https://scholar.google.com/scholar?q=related:Ilgi7FvZLucJ:scholar.google.com/&scioq=source:%22mining+software+repositories%22+%22replication+package%22&hl=en&as_sdt=2007&as_ylo=2002&as_yhi=2022"
7,"W Muylaert, C De Roover","Prevalence of botched code integrations",2017,"… on Mining Software Repositories …","ieeexplore.ieee.org","https://ieeexplore.ieee.org/abstract/document/7962407/","https://scholar.google.com/scholar?cites=9772307127595063777&as_sdt=2005&sciodt=2007&hl=en",68,"2022-09-05 09:31:27","","","","",,,,,7,1.40,4,2,5,"Integrating code from different sources can be an error-prone and effort-intensive process. While an integration may appear statically sound, unexpected errors may still surface at run …","https://cris.vub.be/ws/files/31342834/paper_after_review.pdf","https://scholar.google.com/scholar?q=related:4VlSgI41nocJ:scholar.google.com/&scioq=source:%22mining+software+repositories%22+%22replication+package%22&hl=en&as_sdt=2007&as_ylo=2002&as_yhi=2022"
13,"S Mondal, MM Rahman, CK Roy","Can issues reported at stack overflow questions be reproduced? an exploratory study",2019,"… Mining Software Repositories …","ieeexplore.ieee.org","https://ieeexplore.ieee.org/abstract/document/8816784/","https://scholar.google.com/scholar?cites=11416869628747505782&as_sdt=2005&sciodt=2007&hl=en",69,"2022-09-05 09:31:27","","","","",,,,,13,4.33,4,3,3,"Software developers often look for solutions to their code level problems at Stack Overflow. Hence, they frequently submit their questions with sample code segments and issue …","https://clones.usask.ca/pubfiles/articles/SMondal_Issue_MSR2019.pdf","https://scholar.google.com/scholar?q=related:duBwLHDecJ4J:scholar.google.com/&scioq=source:%22mining+software+repositories%22+%22replication+package%22&hl=en&as_sdt=2007&as_ylo=2002&as_yhi=2022"
103,"F Zampetti, S Scalabrino, R Oliveto…","How open source projects use static code analysis tools in continuous integration pipelines",2017,"… on Mining Software …","ieeexplore.ieee.org","https://ieeexplore.ieee.org/abstract/document/7962383/","https://scholar.google.com/scholar?cites=5429309510028852889&as_sdt=2005&sciodt=2007&hl=en",70,"2022-09-05 09:31:27","","","","",,,,,103,20.60,26,4,5,"… 1The study working datasets are available in a replication package [40]. … 4Details in our replication package. … Replication Package http://home.ing.unisannio.it/ fiorella.zampetti/datasets/…","https://dibt.unimol.it/staff/sscalabrino/docs/files/2017/MSR2017HowOpenSource.pdf","https://scholar.google.com/scholar?q=related:mX7r0DvIWEsJ:scholar.google.com/&scioq=source:%22mining+software+repositories%22+%22replication+package%22&hl=en&as_sdt=2007&as_ylo=2002&as_yhi=2022"
0,"S Mondal, G Uddin, CK Roy","Rollback Edit Inconsistencies in Developer Forum",2021,"… on Mining Software Repositories …","ieeexplore.ieee.org","https://ieeexplore.ieee.org/abstract/document/9463153/","",71,"2022-09-05 09:31:27","","","","",,,,,0,0.00,0,3,1,"… Replication Package that contains all the survey responses has is shared in our online … Replication package, 2021. URL https://bit.ly/3c2dSpR. [41] Cosmin Munteanu, Ron Baecker, and …","https://www.researchgate.net/profile/Gias-Uddin/publication/350241097_Rollback_Edit_Inconsistencies_in_Developer_Forum/links/62250c5684ce8e5b4d0b7bc4/Rollback-Edit-Inconsistencies-in-Developer-Forum.pdf","https://scholar.google.com/scholar?q=related:J5AgZDWPzOkJ:scholar.google.com/&scioq=source:%22mining+software+repositories%22+%22replication+package%22&hl=en&as_sdt=2007&as_ylo=2002&as_yhi=2022"
10,"R Gao, ZM Jiang","An exploratory study on assessing the impact of environment variations on the results of load tests",2017,"… Conference on Mining Software Repositories …","ieeexplore.ieee.org","https://ieeexplore.ieee.org/abstract/document/7962387/","https://scholar.google.com/scholar?cites=15370286311418297994&as_sdt=2005&sciodt=2007&hl=en",72,"2022-09-05 09:31:27","","","","",,,,,10,2.00,5,2,5,"… Due to space limitations, please refer to our replication package [40] for the details of our … Litoiu, “Replication Package,” https://www.dropbox.com/s/1xzfxc28pf2h284/rep package.zip?dl=…","https://www.eecs.yorku.ca/~zmjiang/publications/msr2017_gao.pdf","https://scholar.google.com/scholar?q=related:iv4iCPc5TtUJ:scholar.google.com/&scioq=source:%22mining+software+repositories%22+%22replication+package%22&hl=en&as_sdt=2007&as_ylo=2002&as_yhi=2022"
68,"M Linares-Vásquez, G Bavota…","An empirical study on android-related vulnerabilities",2017,"… on Mining Software …","ieeexplore.ieee.org","https://ieeexplore.ieee.org/abstract/document/7962350/","https://scholar.google.com/scholar?cites=10098631276477985604&as_sdt=2005&sciodt=2007&hl=en",73,"2022-09-05 09:31:27","","","","",,,,,68,13.60,23,3,5,"Mobile devices are used more and more in everyday life. They are our cameras, wallets, and keys. Basically, they embed most of our private information in our pocket. For this and other …","https://arxiv.org/pdf/1704.03356","https://scholar.google.com/scholar?q=related:RLMeIKSLJYwJ:scholar.google.com/&scioq=source:%22mining+software+repositories%22+%22replication+package%22&hl=en&as_sdt=2007&as_ylo=2002&as_yhi=2022"
2,"A Pietri, G Rousseau, S Zacchiroli","Determining the intrinsic structure of public software development history",2020,"… on Mining Software Repositories","dl.acm.org","https://dl.acm.org/doi/abs/10.1145/3379597.3387506","https://scholar.google.com/scholar?cites=8173578333161705599&as_sdt=2005&sciodt=2007&hl=en",74,"2022-09-05 09:31:27","","10.1145/3379597.3387506","","",,,,,2,1.00,1,3,2,"Background. Collaborative software development has produced a wealth of version control system (VCS) data that can now be analyzed in full. Little is known about the intrinsic …","https://arxiv.org/pdf/2011.07914","https://scholar.google.com/scholar?q=related:f9DuQzBibnEJ:scholar.google.com/&scioq=source:%22mining+software+repositories%22+%22replication+package%22&hl=en&as_sdt=2007&as_ylo=2002&as_yhi=2022"
0,"Z Abou Khalil, S Zacchiroli","The General Index of Software Engineering Papers",2022,"… Mining Software Repositories …","hal.archives-ouvertes.fr","https://hal.archives-ouvertes.fr/hal-03623109/","",75,"2022-09-05 09:31:27","","","","",,,,,0,0.00,0,2,1,"We introduce the General Index of Software Engineering Papers, a dataset of fulltext-indexed papers from the most prominent scientific venues in the field of Software Engineering. The …","https://hal.archives-ouvertes.fr/hal-03623109/file/main.pdf","https://scholar.google.com/scholar?q=related:LYh4oxT6Xe8J:scholar.google.com/&scioq=source:%22mining+software+repositories%22+%22replication+package%22&hl=en&as_sdt=2007&as_ylo=2002&as_yhi=2022"
1,"E Lyulina, M Jahanshahi","Building the Collaboration Graph of Open-Source Software Ecosystem",2021,"… on Mining Software Repositories …","ieeexplore.ieee.org","https://ieeexplore.ieee.org/abstract/document/9463070/","https://scholar.google.com/scholar?cites=3187511660561459884&as_sdt=2005&sciodt=2007&hl=en",76,"2022-09-05 09:31:27","","","","",,,,,1,1.00,1,2,1,"The Open-Source Software community has become the center of attention for many researchers, who are investigating various aspects of collaboration in this extremely large ecosystem…","https://arxiv.org/pdf/2103.12168","https://scholar.google.com/scholar?q=related:rGoulfdQPCwJ:scholar.google.com/&scioq=source:%22mining+software+repositories%22+%22replication+package%22&hl=en&as_sdt=2007&as_ylo=2002&as_yhi=2022"
0,"R Opdebeeck, A Zerouali, C De Roover","Smelly Variables in Ansible Infrastructure Code: Detection, Prevalence, and Lifetime",2022,"… Mining Software Repositories …","cris.vub.be","https://cris.vub.be/ws/files/83175822/preprint.pdf","",77,"2022-09-05 09:31:27","PDF","","","",,,,,0,0.00,0,3,1,"… • We empirically investigate the prevalence and the lifetime of variable smells in 21,931 open-source Ansible roles and provide the studied dataset in a replication package. …","https://cris.vub.be/ws/files/83175822/preprint.pdf","https://scholar.google.com/scholar?q=related:JsMnA4O7qU4J:scholar.google.com/&scioq=source:%22mining+software+repositories%22+%22replication+package%22&hl=en&as_sdt=2007&as_ylo=2002&as_yhi=2022"
4,"M Rahman, P Rigby, D Palani…","Cleaning stackoverflow for machine translation",2019,"… Software Repositories …","ieeexplore.ieee.org","https://ieeexplore.ieee.org/abstract/document/8816752/","https://scholar.google.com/scholar?cites=5080371326254336234&as_sdt=2005&sciodt=2007&hl=en",78,"2022-09-05 09:31:27","","","","",,,,,4,1.33,1,4,3,"Generating source code API sequences from an English query using Machine Translation (MT) has gained much interest in recent years. For any kind of MT, the model needs to be …","https://www.researchgate.net/profile/Musfiqur-Rahman-3/publication/332212211_Cleaning_StackOverflow_for_Machine_Translation/links/5ca671d9a6fdcca26dfed1a9/Cleaning-StackOverflow-for-Machine-Translation.pdf","https://scholar.google.com/scholar?q=related:6kh45M0agUYJ:scholar.google.com/&scioq=source:%22mining+software+repositories%22+%22replication+package%22&hl=en&as_sdt=2007&as_ylo=2002&as_yhi=2022"
3,"D Marcilio, CA Furia","How Java Programmers Test Exceptional Behavior",2021,"… on Mining Software Repositories (MSR)","ieeexplore.ieee.org","https://ieeexplore.ieee.org/abstract/document/9463092/","https://scholar.google.com/scholar?cites=15353910760934581658&as_sdt=2005&sciodt=2007&hl=en",79,"2022-09-05 09:31:27","","","","",,,,,3,3.00,2,2,1,"Exceptions often signal faulty or undesired behavior; hence, high-quality test suites should also target exceptional behavior. This paper is a large-scale study of exceptional tests—…","https://bugcounting.net/pubs/msr21.pdf","https://scholar.google.com/scholar?q=related:mqWNEn0MFNUJ:scholar.google.com/&scioq=source:%22mining+software+repositories%22+%22replication+package%22&hl=en&as_sdt=2007&as_ylo=2002&as_yhi=2022"
4,"A Bhattacharjee, SS Nath, S Zhou…","An Exploratory Study to Find Motives Behind Cross-platform Forks from Software Heritage Dataset",2020,"… Software Repositories","dl.acm.org","https://dl.acm.org/doi/abs/10.1145/3379597.3387512","https://scholar.google.com/scholar?cites=59872984931991268&as_sdt=2005&sciodt=2007&hl=en",80,"2022-09-05 09:31:27","","10.1145/3379597.3387512","","",,,,,4,2.00,1,4,2,"The fork-based development mechanism provides the flexibility and the unified processes for software teams to collaborate easily in a distributed setting without too much coordination …","https://arxiv.org/pdf/2003.07970","https://scholar.google.com/scholar?q=related:5H6Dnim21AAJ:scholar.google.com/&scioq=source:%22mining+software+repositories%22+%22replication+package%22&hl=en&as_sdt=2007&as_ylo=2002&as_yhi=2022"
