Cites,Authors,Title,Year,Source,Publisher,ArticleURL,CitesURL,GSRank,QueryDate,Type,DOI,ISSN,CitationURL,Volume,Issue,StartPage,EndPage,ECC,CitesPerYear,CitesPerAuthor,AuthorCount,Age,Abstract
14,"T Kosar, S Gaberc, JC Carver, M Mernik","Program comprehension of domain-specific and general-purpose languages: replication of a family of experiments using integrated development environments",2018,"Empirical Software Engineering","Springer","https://link.springer.com/article/10.1007/s10664-017-9593-2","https://scholar.google.com/scholar?cites=14040744125326670332&as_sdt=2005&sciodt=0,5&hl=en",1,"2020-10-27 19:53:09","","","","",,,,,14,7.00,4,4,2,"… We have made a replication package, containing all relevant materials, available for download 1 . To preserve the integrity of future replications (because the replication package has the answers to all of the questionnaires) we have password protected this file …"
47,"B Chen, ZMJ Jiang","Characterizing logging practices in java-based open source software projects–a replication study in apache software foundation",2017,"Empirical Software Engineering","Springer","https://link.springer.com/content/pdf/10.1007/s10664-016-9429-5.pdf","https://scholar.google.com/scholar?cites=6224418344289008360&as_sdt=2005&sciodt=0,5&hl=en",2,"2020-10-27 19:53:09","","","","",,,,,47,15.67,24,2,3,"… the same as in the original study. To allow for easier replication and to encourage future research on this subject, we have prepared a replication package (The replication package 2015). 3. To assess the bug resolution time …"
4,"DM Fernández, M Monperrus, R Feldt…","The open science initiative of the Empirical Software Engineering journal",2019,"… Software Engineering","Springer","https://link.springer.com/article/10.1007/s10664-019-09712-x","https://scholar.google.com/scholar?cites=15383125317693358749&as_sdt=2005&sciodt=0,5&hl=en",3,"2020-10-27 19:53:09","HTML","","","",,,,,4,4.00,1,4,1,"… When a paper reaches the final stages of its review process, typically when it has been given a minor revision, the authors will be proposed and encouraged to submit a replication package. The replication package then undergoes …"
19,"N Juristo, S Vegas","Design patterns in software maintenance: An experiment replication at upm-experiences with the reser'11 joint replication project",2011,"… in Empirical Software Engineering …","ieeexplore.ieee.org","https://ieeexplore.ieee.org/abstract/document/6148332/","https://scholar.google.com/scholar?cites=7801757410692640177&as_sdt=2005&sciodt=0,5&hl=en",4,"2020-10-27 19:53:09","","","","",,,,,19,2.11,10,2,9,"… Again we have learned a number of lessons from this series of replications: There needs to be an infrastructure (usually known in ESE as replication package or laboratory package) containing all the material of interest for running the experiment (detailed description of the …"
65,"N Juristo, S Vegas","The role of non-exact replications in software engineering experiments",2011,"Empirical Software Engineering","Springer","https://link.springer.com/article/10.1007/s10664-010-9141-9","https://scholar.google.com/scholar?cites=17842354603175105380&as_sdt=2005&sciodt=0,5&hl=en",5,"2020-10-27 19:53:09","","","","",,,,,65,7.22,33,2,9,"… They transmit information about an experiment for other experimenters. The information that a replication package should contain has evolved over the years, as shown in (Conradi et al. 2001), (Kamsties and Lott 1995b), (Roper et al. 1997), (Shull 1998) …"
54,"A Decan, T Mens, P Grosjean","An empirical comparison of dependency network evolution in seven software packaging ecosystems",2019,"Empirical Software Engineering","Springer","https://link.springer.com/article/10.1007/s10664-017-9589-y","https://scholar.google.com/scholar?cites=4332983115550042493&as_sdt=2005&sciodt=0,5&hl=en",6,"2020-10-27 19:53:09","","","","",,,,,54,54.00,18,3,1,"… dependencies. 3 Methodology. 3.1 Preliminaries. All empirical analysis presented in the current article is supported by a replication package (Decan and Mens 2017). Table 1 informally defines all terms used in this article. The …"
81,"P Mäder, A Egyed","Do developers benefit from requirements traceability when evolving and maintaining a software system?",2015,"Empirical Software Engineering","Springer","https://link.springer.com/article/10.1007/s10664-014-9314-z","https://scholar.google.com/scholar?cites=492616733929526300&as_sdt=2005&sciodt=0,5&hl=en",7,"2020-10-27 19:53:09","","","","",,,,,81,16.20,41,2,5,"… of accessor. [iTrust UC8: “View Access Log”, ver 16, original change: Sep 7–16,. 2009]. Full task descriptions can be found in the replication package and the project repositories. a Number of traces that were available to subjects performing the task with traces. As an example, Fig …"
13,"R Saborido, R Morales, F Khomh…","Getting the most from map data structures in Android",2018,"… Software Engineering","Springer","https://link.springer.com/article/10.1007/s10664-018-9607-8","https://scholar.google.com/scholar?cites=17279602552936975863&as_sdt=2005&sciodt=0,5&hl=en",8,"2020-10-27 19:53:09","","","","",,,,,13,6.50,3,4,2,"… We ensure the replicability of our study by making available, in a replication package, 11 our survey, all Android apps and test cases developed, and scripts and collected data. In the following, Section 2 discusses Java and Android implementations of map data structures …"
3,"M Beller, A Zaidman, A Karpov, RA Zwaan","The last line effect explained",2017,"… Software Engineering","Springer","https://link.springer.com/article/10.1007/s10664-016-9489-6","https://scholar.google.com/scholar?cites=7307652457124737306&as_sdt=2005&sciodt=0,5&hl=en",9,"2020-10-27 19:53:09","HTML","","","",,,,,3,1.00,1,4,3,"… Chromium, libjingle, Mesa 3D, and LibreOffice. 2.4 How to Replicate This Study. To foster replication of this study, we have made the complete data set and all analyses available as a replication package. 6 The package includes all …"
14,"OL Vera-Pérez, B Danglot, M Monperrus…","A comprehensive study of pseudo-tested methods",2019,"… Software Engineering","Springer","https://link.springer.com/article/10.1007/s10664-018-9653-2","https://scholar.google.com/scholar?cites=18445343833159055564&as_sdt=2005&sciodt=0,5&hl=en",10,"2020-10-27 19:53:09","","","","",,,,,14,14.00,4,4,1,"… open science, with a complete replication package available at: https://github.com/STAMP-project/ descartes-experiments/. The rest of this paper is organized as follows … We have prepared a replication package at: https://github.com/STAMP-project/descartes-experiments …"
22,"F Trautsch, S Herbold, P Makedonski…","Addressing problems with replicability and validity of repository mining studies through a smart data platform",2018,"… Software Engineering","Springer","https://link.springer.com/article/10.1007/s10664-017-9537-x","https://scholar.google.com/scholar?cites=9863477960586140279&as_sdt=2005&sciodt=0,5&hl=en",11,"2020-10-27 19:53:09","","","","",,,,,22,11.00,6,4,2,"… Table 2 highlights the problem of diverse tooling. We included all papers, where the implementation is freely available and the environment is described in the paper or in supplementary material (eg, in the replication package) …"
1,"R Heumüller, S Nielebock, J Krüger…","Publish or Perish, but do not Forget your Software Artifacts",2020,"… Software Engineering","Springer","https://link.springer.com/article/10.1007/s10664-020-09851-6","https://scholar.google.com/scholar?cites=1152363193356849197&as_sdt=2005&sciodt=0,5&hl=en",12,"2020-10-27 19:53:09","HTML","","","",,,,,1,1.00,0,4,1,"… Section 5.2). We provide a public replication package comprising our dataset and all analysis scripts on Zenodo. Footnote 5 … To prepare for this session, authors had to create a special replication package as a virtual machine (VM) …"
4,"MA Storey, NA Ernst, C Williams…","The who, what, how of software engineering research: a socio-technical framework",2020,"… Software Engineering","Springer","https://link.springer.com/article/10.1007/s10664-020-09858-z","https://scholar.google.com/scholar?cites=6492476732365224118&as_sdt=2005&sciodt=0,5&hl=en",13,"2020-10-27 19:53:09","","","","",,,,,4,4.00,1,4,1,"… We describe the limitations of our research in Section 7. Finally, we conclude the paper by identifying areas for future work and list important takeaways in Section 8. Traceability artifacts from our analysis and a replication package are at https://doi.org/10.5281/zenodo.3813878 …"
6,"S Biffl, E Serral, D Winkler…","Replication Data Management: Needs and Solutions--An Initial Evaluation of Conceptual Approaches for Integrating Heterogeneous Replication Study Data",2013,"… Empirical Software …","ieeexplore.ieee.org","https://ieeexplore.ieee.org/abstract/document/6681356/","https://scholar.google.com/scholar?cites=2531890482847928149&as_sdt=2005&sciodt=0,5&hl=en",14,"2020-10-27 19:53:09","","","","",,,,,6,0.86,2,4,7,"… The software testing line belongs to the family of experiments initiated by the pioneer- ing work of Basili and Selby [11]. In particular, the experi- ments executed at UP Madrid are based on Kamsties and Lott's replication package [12] …"
6,"MT Rahman, PC Rigby, E Shihab","The modular and feature toggle architectures of Google Chrome",2019,"Empirical Software Engineering","Springer","https://link.springer.com/content/pdf/10.1007/s10664-018-9639-0.pdf","https://scholar.google.com/scholar?cites=16819171971982857293&as_sdt=2005&sciodt=0,5&hl=en",15,"2020-10-27 19:53:09","","","","",,,,,6,6.00,2,3,1,"… Table 2 provides an example of these mappings with the the full set of mapping available in the replication package (Rahman 2017) … The full list of dependencies among modules is available in our replication package (Rahman 2017). 3.3 Browser Reference Architecture …"
2,"AR Santos, I do Carmo Machado…","Comparing the influence of using feature-oriented programming and conditional compilation on comprehending feature-oriented software",2019,"… Software Engineering","Springer","https://link.springer.com/article/10.1007/s10664-018-9658-x","https://scholar.google.com/scholar?cites=3614149898763632242&as_sdt=2005&sciodt=0,5&hl=en",16,"2020-10-27 19:53:09","","","","",,,,,2,2.00,1,3,1,"… A supplementary Web site with the experimentation artifacts of the carried experiments, 1 which may provide researchers with a replication package. The remainder of this article is organized as follows: Section 2 presents underlying …"
59,"J Davies, DM German, MW Godfrey…","Software bertillonage",2013,"… Software Engineering","Springer","https://link.springer.com/article/10.1007/s10664-012-9199-7","https://scholar.google.com/scholar?cites=6213861401970147927&as_sdt=2005&sciodt=0,5&hl=en",17,"2020-10-27 19:53:09","","","","",,,,,59,8.43,15,4,7,"Deployed software systems are typically composed of many pieces, not all of which may have been created by the main development team. Often, the provenance of included components—such as external..."
22,"Q Huang, X Xia, D Lo","Revisiting supervised and unsupervised models for effort-aware just-in-time defect prediction",2019,"Empirical Software Engineering","Springer","https://link.springer.com/article/10.1007/s10664-018-9661-2","https://scholar.google.com/scholar?cites=6317789450858072963&as_sdt=2005&sciodt=0,5&hl=en",18,"2020-10-27 19:53:09","","","","",,,,,22,22.00,7,3,1,"Effort-aware just-in-time (JIT) defect prediction aims at finding more defective software changes with limited code inspection cost. Traditionally, supervised models have been used; however, they..."
1,"F Fagerholm, C Becker…","Temporal Discounting in Software Engineering: A Replication Study",2019,"… Empirical Software …","ieeexplore.ieee.org","https://ieeexplore.ieee.org/abstract/document/8870161/","https://scholar.google.com/scholar?cites=1850954447609512114&as_sdt=2005&sciodt=0,5&hl=en",19,"2020-10-27 19:53:09","","","","",,,,,1,1.00,0,3,1,"… Fig. 3. Intertemporal choice task questionnaire (excerpt). and the full questionnaire is given in an on-line replication package [41]. B … replication. The full data set and analysis scripts are available in a replication package [41]. IV …"
20,"S Chowdhury, S Di Nardo, A Hindle…","An exploratory study on assessing the energy impact of logging on android applications",2018,"… Software Engineering","Springer","https://link.springer.com/article/10.1007/s10664-017-9545-x","https://scholar.google.com/scholar?cites=7631280760006605511&as_sdt=2005&sciodt=0,5&hl=en",20,"2020-10-27 19:53:09","","","","",,,,,20,10.00,5,4,2,"… 4. To encourage replication and further study on this important topic, we have disclosed our dataset and source code for our analysis in our replication package. We believe such data can be very useful for software engineering …"
0,"G Rousseau, R Di Cosmo, S Zacchiroli","Software Provenance Tracking at the Scale of Public Source Code",2020,"Empirical Software Engineering","Springer","https://link.springer.com/content/pdf/10.1007/s10664-020-09828-5.pdf","",21,"2020-10-27 19:53:09","","","","",,,,,0,0.00,0,3,1,"… Replication package Given the sheer size of the Software Heritage archive (≈200 TB and a ≈100 B edges graph), the most practical way to reproduce the findings of this paper is to first obtain a copy of the official Software Heritage Graph Dataset (Pietri et al …"
33,"M Aniche, G Bavota, C Treude, MA Gerosa…","Code smells for model-view-controller architectures",2018,"… Software Engineering","Springer","https://link.springer.com/article/10.1007/s10664-017-9540-2","https://scholar.google.com/scholar?cites=323204855456208078&as_sdt=2005&sciodt=0,5&hl=en",22,"2020-10-27 19:53:09","HTML","","","",,,,,33,16.50,7,5,2,"… Finally, all the data collected in our studies is publicly available in a comprehensive replication package (Aniche et al. 2016a) … The complete list of the nine smells we defined as result of the open coding procedure is reported as part of our replication package (Aniche et al …"
1,"S Biffl, E Serral, D Winkler, O Dieste…","Replication Data Management: Needs and Solutions",2013,"… Software Engineering …","academia.edu","http://www.academia.edu/download/46910701/Replication_Data_Management_Needs_and_So20160630-26882-1adsqpp.pdf","https://scholar.google.com/scholar?cites=2863598148077263300&as_sdt=2005&sciodt=0,5&hl=en",23,"2020-10-27 19:53:09","PDF","","","",,,,,1,0.14,0,5,7,"… The software testing line belongs to the family of experiments initiated by the pioneer- ing work of Basili and Selby [11]. In particular, the experi- ments executed at UP Madrid are based on Kamsties and Lott's replication package [12] …"
0,"S Panichella, N Zaugg","An empirical investigation of relevant changes and automation needs in modern code review",2020,"Empirical Software Engineering","Springer","https://link.springer.com/article/10.1007/s10664-020-09870-3","",24,"2020-10-27 19:53:09","HTML","","","",,,,,0,0.00,0,2,1,"… 2018). Replication package. We make publicly available a replication package Footnote 1. with (i) material and working data sets of our study, (ii) complete results of the survey; and (iii) the leveraged raw-data for replication purposes. Paper structure …"
54,"H Li, W Shang, Y Zou, AE Hassan","Towards just-in-time suggestions for log changes",2017,"Empirical Software Engineering","Springer","https://link.springer.com/article/10.1007/s10664-016-9467-z","https://scholar.google.com/scholar?cites=2810273529006509388&as_sdt=2005&sciodt=0,5&hl=en",25,"2020-10-27 19:53:09","","","","",,,,,54,18.00,14,4,3,"… accurately identify the logging statements. We use regular expressions to identify the added and deleted logging statements across commits (see on-line replication package for the used regular expressions 13 ). If a pair of an …"
10,"C Vassallo, S Panichella, F Palomba, S Proksch…","How developers engage with static analysis tools in different contexts",2020,"… Software Engineering","Springer","https://link.springer.com/article/10.1007/s10664-019-09750-5","https://scholar.google.com/scholar?cites=14756273171780882981&as_sdt=2005&sciodt=0,5&hl=en",26,"2020-10-27 19:53:09","","","","",,,,,10,10.00,2,5,1,"Automatic static analysis tools (ASATs) are instruments that support code quality assessment by automatically detecting defects and design issues. Despite."
20,"M Kondo, CP Bezemer, Y Kamei, AE Hassan…","The impact of feature reduction techniques on defect prediction models",2019,"… Software Engineering","Springer","https://link.springer.com/article/10.1007/s10664-018-9679-5","https://scholar.google.com/scholar?cites=12815260249960982239&as_sdt=2005&sciodt=0,5&hl=en",27,"2020-10-27 19:53:09","","","","",,,,,20,20.00,4,5,1,"Defect prediction is an important task for preserving software quality. Most prior work on defect prediction uses software features, such as the number of lines of code, to predict whether a file or..."
24,"DA Tamburri, F Palomba, A Serebrenik…","Discovering community patterns in open-source: a systematic approach and its evaluation",2019,"… Software Engineering","Springer","https://link.springer.com/article/10.1007/s10664-018-9659-9","https://scholar.google.com/scholar?cites=12949579398437055292&as_sdt=2005&sciodt=0,5&hl=en",28,"2020-10-27 19:53:09","HTML","","","",,,,,24,24.00,6,4,1,"… 3. A comprehensive replication package, that is publicly available and contains all the data used to evaluate the tool (Tamburri et al. 2017). 1.2 Motivations … In this study we offer a completely free and open-source replication package to call for, and encourage verifiability …"
9,"S Beyer, C Macho, M Di Penta, M Pinzger","What kind of questions do developers ask on Stack Overflow? A comparison of automated approaches to classify posts into question categories",2020,"… Software Engineering","Springer","https://link.springer.com/article/10.1007/s10664-019-09758-x","https://scholar.google.com/scholar?cites=15350434245251797201&as_sdt=2005&sciodt=0,5&hl=en",29,"2020-10-27 19:53:09","HTML","","","",,,,,9,9.00,2,4,1,"On question and answer sites, such as Stack Overflow (SO), developers use tags to label the content of a post and to support developers in question searchi."
395,"A Barua, SW Thomas, AE Hassan","What are developers talking about? an analysis of topics and trends in stack overflow",2014,"Empirical Software Engineering","Springer","https://link.springer.com/content/pdf/10.1007/s10664-012-9231-y.pdf","https://scholar.google.com/scholar?cites=1227050678041923979&as_sdt=2005&sciodt=0,5&hl=en",30,"2020-10-27 19:53:09","","","","",,,,,395,65.83,132,3,6,"Page 1. Empir Software Eng (2014) 19:619–654 DOI 10.1007/s10664-012-9231-y What are developers talking about? An analysis of topics and trends in Stack Overflow Anton Barua·Stephen W. Thomas·Ahmed E. Hassan Published …"
4,"R Verdecchia, G Procaccianti…","Estimating energy impact of software releases and deployment strategies: The KPMG case study",2017,"… Empirical Software …","ieeexplore.ieee.org","https://ieeexplore.ieee.org/abstract/document/8170112/","https://scholar.google.com/scholar?cites=10491978312560932250&as_sdt=2005&sciodt=0,5&hl=en",31,"2020-10-27 19:53:09","","","","",,,,,4,1.33,1,3,3,"… results of an experiment on the impact of different software releases and deployment strategies on the energy consumption of a professionally developed software product; (iii) the discussion of the obtained results and their implications; (v) a replication package containing and …"
12,"M Ceccato, R Scandariato","Static analysis and penetration testing from the perspective of maintenance teams",2016,"… on Empirical Software Engineering and …","dl.acm.org","https://dl.acm.org/doi/abs/10.1145/2961111.2962611","https://scholar.google.com/scholar?cites=6521959270269776054&as_sdt=2005&sciodt=0,5&hl=en",32,"2020-10-27 19:53:09","","","","",,,,,12,3.00,6,2,4,"… Examples of the above-mentioned security reports are pro- vided online in our replication package[4]. The goal of this study is to analyze the effect of said secu- rity reports with the purpose of evaluating how they support corrective maintenance …"
28,"MS Rakha, W Shang, AE Hassan","Studying the needed effort for identifying duplicate issues",2016,"Empirical Software Engineering","Springer","https://link.springer.com/article/10.1007/s10664-015-9404-6","https://scholar.google.com/scholar?cites=297873468142073021&as_sdt=2005&sciodt=0,5&hl=en",33,"2020-10-27 19:53:09","","","","",,,,,28,7.00,9,3,4,"… 3 Case Study Setup. In this section, we present the studied projects and the process of preparing the data that is used for our case studies. We share our data and scripts as an online replication package. 4. 3.1 Studied Projects …"
64,"A Yamashita","Assessing the capability of code smells to explain maintenance problems: an empirical study combining quantitative and qualitative data",2014,"Empirical Software Engineering","Springer","https://link.springer.com/article/10.1007/s10664-013-9250-3","https://scholar.google.com/scholar?cites=298104366170861266&as_sdt=2005&sciodt=0,5&hl=en",34,"2020-10-27 19:53:09","","","","",,,,,64,10.67,64,1,6,"… with milliseconds precision. A replication package is available in a technical report by Yamashita (2012b) where all the aspects of the maintenance project and the data collection protocol are described in detail. Also, a detailed …"
25,"Y Martínez, C Cachero, S Meliá","Empirical study on the maintainability of Web applications: Model-driven Engineering vs Code-centric",2014,"Empirical Software Engineering","Springer","https://link.springer.com/article/10.1007/s10664-013-9269-5","https://scholar.google.com/scholar?cites=1392599229098149597&as_sdt=2005&sciodt=0,5&hl=en",35,"2020-10-27 19:53:09","","","","",,,,,25,4.17,8,3,6,"… Some of the tasks were corrective and some were perfective. For each task type they started with a new project that they downloaded from the replication package (Martínez et al. 2012a) … The materials used in our quasi-experiment, which are included in a replication package: 1 …"
44,"A De Lucia, M Di Penta, R Oliveto, A Panichella…","Labeling source code with information retrieval methods: an empirical study",2014,"… Software Engineering","Springer","https://link.springer.com/article/10.1007/s10664-013-9285-5","https://scholar.google.com/scholar?cites=13992928805702285812&as_sdt=2005&sciodt=0,5&hl=en",36,"2020-10-27 19:53:09","","","","",,,,,44,7.33,9,5,6,"… 2 Study Definition and Planning. In the following, we report the definition and planning of our empirical study. The experiment replication package and working data sets of its results are available online. 3. 2.1 Study Definition …"
77,"G Bavota, G Canfora, M Di Penta, R Oliveto…","How the Apache community upgrades dependencies: an evolutionary study",2015,"… Software Engineering","Springer","https://link.springer.com/content/pdf/10.1007/s10664-014-9325-9.pdf","https://scholar.google.com/scholar?cites=12496937696341546998&as_sdt=2005&sciodt=0,5&hl=en",37,"2020-10-27 19:53:09","","","","",,,,,77,15.40,15,5,5,"… 2.3 Replication package The study described in this section can be replicated using the replication package available online9. The replication package provides information to download all analyzed projects, and includes data sets used to answer the study research questions …"
17,"N Ali, Z Sharafi, YG Guéhéneuc, G Antoniol","An empirical study on the importance of source code entities for requirements traceability",2015,"… Software Engineering","Springer","https://link.springer.com/article/10.1007/s10664-014-9315-y","https://scholar.google.com/scholar?cites=9665135165828284650&as_sdt=2005&sciodt=0,5&hl=en",38,"2020-10-27 19:53:09","","","","",,,,,17,3.40,4,4,5,"… task, ie, domain concepts identification. We summarize the RT case study in Table 2. The replication package for all the case studies is available online. 2 Table 2 The summary of the RT case study. 1. Goal. To improve an IR-based …"
31,"B Adams, R Kavanagh, AE Hassan…","An empirical study of integration activities in distributions of open source software",2016,"… Software Engineering","Springer","https://link.springer.com/content/pdf/10.1007/s10664-015-9371-y.pdf","https://scholar.google.com/scholar?cites=3287668992206001492&as_sdt=2005&sciodt=0,5&hl=en",39,"2020-10-27 19:53:09","","","","",,,,,31,7.75,8,4,4,"… This was only necessary in a small number of cases. We now discuss how we obtained the above data for each of the three distributions. This data can be found online in the paper's replication package (Adams et al. 2015) …"
15,"D Martens, W Maalej","Towards understanding and detecting fake reviews in app stores",2019,"Empirical Software Engineering","Springer","https://link.springer.com/article/10.1007/s10664-019-09706-9","https://scholar.google.com/scholar?cites=1313263315950293529&as_sdt=2005&sciodt=0,5&hl=en",40,"2020-10-27 19:53:09","HTML","","","",,,,,15,15.00,8,2,1,"… We extracted related search terms suggested by the search engine. For those we repeated the previous step, resulting in 39 unique search terms, which are included in the replication package … The questionnaire is included in our replication package …"
17,"L Ponzanelli, G Bavota, M Di Penta, R Oliveto…","Prompter",2016,"… Software Engineering","Springer","https://link.springer.com/article/10.1007/s10664-015-9397-1","https://scholar.google.com/scholar?cites=8076740664195525040&as_sdt=2005&sciodt=0,5&hl=en",41,"2020-10-27 19:53:09","","","","",,,,,17,4.25,3,5,4,"… a comprehensive replication package publicly available at http:// prompter.inf.usi. ch/. Structure of the Paper. In Section 2 we present our approach and its implementation in Prompter. In Section 3 we present the results of the …"
84,"G Bavota, A Qusef, R Oliveto, A De Lucia…","Are test smells really harmful? An empirical study",2015,"… Software Engineering","Springer","https://link.springer.com/article/10.1007/s10664-014-9313-0","https://scholar.google.com/scholar?cites=2822325112375777300&as_sdt=2005&sciodt=0,5&hl=en",42,"2020-10-27 19:53:09","","","","",,,,,84,16.80,17,5,5,"… smells defined by Van Deursen et al. (2001) in open source and industrial systems. The replication package, containing the raw data of the study is available online (Bavota et al. 2013). Note that, since the test smells Mystery …"
5,"DM German, B Adams, K Stewart","cregit: Token-level blame information in git version control repositories",2019,"Empirical Software Engineering","Springer","https://link.springer.com/article/10.1007/s10664-019-09704-x","https://scholar.google.com/scholar?cites=1157990848993283780&as_sdt=2005&sciodt=0,5&hl=en",43,"2020-10-27 19:53:09","","","","",,,,,5,5.00,2,3,1,"… The replication package of this paper can be found at http://turingmachine.org/2018/ cregit. 2 Motivation and Related Work. In this section, we motivate the need to improve the blame-by-line feature of version control systems …"
15,"N Peitek, J Siegmund, C Parnin, S Apel…","Simultaneous measurement of program comprehension with fmri and eye tracking: A case study",2018,"… Software Engineering …","dl.acm.org","https://dl.acm.org/doi/abs/10.1145/3239235.3240495","https://scholar.google.com/scholar?cites=15735067228270167282&as_sdt=2005&sciodt=0,5&hl=en",44,"2020-10-27 19:53:09","","","","",,,,,15,7.50,3,5,2,"… tracking. • We provide all materials as a replication package, and pub- licly share all developed eye-tracking analysis scripts to sup- port future combined studies. We also share the raw and processed eye-tracking data. Our …"
95,"RG Kula, DM German, A Ouni, T Ishio…","Do developers update their library dependencies?",2018,"… Software Engineering","Springer","https://link.springer.com/content/pdf/10.1007/s10664-017-9521-5.pdf","https://scholar.google.com/scholar?cites=662201613823385404&as_sdt=2005&sciodt=0,5&hl=en",45,"2020-10-27 19:53:09","","","","",,,,,95,47.50,19,5,2,"… Finally, we make available our dataset of 852,322 library dependency migra- tions. All our tools and data are publicly available from the paper's replication package at https://raux.github.io/Impact- of-Security-Advisories-on-Library-Migrations/. 1.1 Paper Organization …"
8,"M Soltani, P Derakhshanfar, X Devroey…","A benchmark-based evaluation of search-based crash reproduction",2020,"… Software Engineering","Springer","https://link.springer.com/article/10.1007/s10664-019-09762-1","https://scholar.google.com/scholar?cites=181229330213078151&as_sdt=2005&sciodt=0,5&hl=en",46,"2020-10-27 19:53:09","HTML","","","",,,,,8,8.00,2,4,1,"Crash reproduction approaches help developers during debugging by generating a test case that reproduces a given crash. Several solutions have been proposed to automate this task. However, the..."
15,"CP Bezemer, S McIntosh, B Adams…","An empirical study of unspecified dependencies in make-based build systems",2017,"… Software Engineering","Springer","https://link.springer.com/content/pdf/10.1007/s10664-017-9510-8.pdf","https://scholar.google.com/scholar?cites=10948881188819349694&as_sdt=2005&sciodt=0,5&hl=en",47,"2020-10-27 19:53:09","","","","",,,,,15,5.00,4,4,3,"Page 1. Empir Software Eng (2017) 22:3117–3148 DOI 10.1007/s10664-017-9510-8 An empirical study of unspecified dependencies in make-based build systems Cor-Paul Bezemer1 ·Shane McIntosh2 · Bram Adams3 ·Daniel M. German4 ·Ahmed E. Hassan1 …"
9,"R Coppola, M Morisio, M Torchiano, L Ardito","Scripted GUI testing of Android open-source apps: evolution of test code and fragility causes",2019,"… Software Engineering","Springer","https://link.springer.com/content/pdf/10.1007/s10664-019-09722-9.pdf","https://scholar.google.com/scholar?cites=6275452133717481045&as_sdt=2005&sciodt=0,5&hl=en",48,"2020-10-27 19:53:09","","","","",,,,,9,9.00,2,4,1,"Page 1. Empirical Software Engineering https://doi.org/10.1007/s10664-019-09722-9 Scripted GUI testing of Android open-source apps: evolution of test code and fragility causes Riccardo Coppola1 ·Maurizio Morisio1 ·Marco Torchiano1 ·Luca Ardito1 …"
95,"B Vasilescu, A Serebrenik, M Goeminne…","On the variation and specialisation of workload—A case study of the Gnome ecosystem community",2014,"… Software Engineering","Springer","https://link.springer.com/article/10.1007/s10664-013-9244-1","https://scholar.google.com/scholar?cites=5623688121092928575&as_sdt=2005&sciodt=0,5&hl=en",49,"2020-10-27 19:53:09","","","","",,,,,95,15.83,24,4,6,"… a,t))\). 2.6 Data Analysis. In order to facilitate replication of our case study, we have created a webpage and a replication package 7 containing the data, tooling, and detailed results of the statistical analysis performed. In this …"
56,"V Arnaoudova, M Di Penta, G Antoniol","Linguistic antipatterns: What they are and how developers perceive them",2016,"Empirical Software Engineering","Springer","https://link.springer.com/content/pdf/10.1007/s10664-014-9350-8.pdf","https://scholar.google.com/scholar?cites=6347617789258010239&as_sdt=2005&sciodt=0,5&hl=en",50,"2020-10-27 19:53:09","","","","",,,,,56,14.00,19,3,4,"… Both studies were designed as online questionnaires. A replication package is available.8 It contains (i) all the material used in the studies, ie, instructions, questionnaires, and LA examples, and (ii) working data sets containing anonymized results for both studies …"
139,"E Kalliamvakou, G Gousios, K Blincoe, L Singer…","An in-depth study of the promises and perils of mining GitHub",2016,"… Software Engineering","Springer","https://link.springer.com/article/10.1007/s10664-015-9393-5","https://scholar.google.com/scholar?cites=7379077380396180065&as_sdt=2005&sciodt=0,5&hl=en",51,"2020-10-27 19:53:09","","","","",,,,,139,34.75,28,5,4,"With over 10 million gitrepositories, GitHub is becoming one of the most important sources of software artifacts on the Internet. Researchers mine the information stored in GitHub's event logs to..."
30,"F Palomba, A Zaidman","The smell of fear: On the relation between test smells and flaky tests",2019,"Empirical Software Engineering","Springer","https://link.springer.com/article/10.1007/s10664-019-09683-z","https://scholar.google.com/scholar?cites=874504802031584550&as_sdt=2005&sciodt=0,5&hl=en",52,"2020-10-27 19:53:09","","","","",,,,,30,30.00,15,2,1,"… smells. In this case, we aimed at assessing the extent to which such strategies can be applied as flakiness fixing mechanisms. Our replication package is available at Palomba and Zaidman (2018). 3.1 Context selection. The …"
68,"M Kuhrmann, DM Fernández, M Daneva","On the pragmatic design of literature studies in software engineering: an experience-based guideline",2017,"Empirical software engineering","Springer","https://link.springer.com/article/10.1007/s10664-016-9492-y","https://scholar.google.com/scholar?cites=8442590237942243557&as_sdt=2005&sciodt=0,5&hl=en",53,"2020-10-27 19:53:09","","","","",,,,,68,22.67,23,3,3,"Systematic literature studies have received much attention in empirical software engineering in recent years. They have become a powerful tool to collect and structure reported knowledge in a..."
6,"T Baum, K Schneider, A Bacchelli","Associating working memory capacity and code change ordering with code review performance",2019,"Empirical Software Engineering","Springer","https://link.springer.com/article/10.1007/s10664-018-9676-8","https://scholar.google.com/scholar?cites=17543088961359080135&as_sdt=2005&sciodt=0,5&hl=en",54,"2020-10-27 19:53:09","","","","",,,,,6,6.00,2,3,1,"… The off-by-one errors in the if conditions in the second change part are not delocalized because they can be spotted by only looking at that change part. The full code changes and the seeded defects can be found in the study's replication package (Baum et al. 2018) …"
8,"D Ye, L Bao, Z Xing, SW Lin","APIReal: an API recognition and linking approach for online developer forums",2018,"Empirical Software Engineering","Springer","https://link.springer.com/article/10.1007/s10664-018-9608-7","https://scholar.google.com/scholar?cites=1319291905091832124&as_sdt=2005&sciodt=0,5&hl=en",55,"2020-10-27 19:53:09","","","","",,,,,8,4.00,2,4,2,"When discussing programming issues on social platforms (eg, Stack Overflow, Twitter), developers often mention APIs in natural language texts. Extracting API mentions from natural language texts..."
2,"W Felidré, L Furtado, DA da Costa…","Continuous Integration Theater",2019,"… Empirical Software …","ieeexplore.ieee.org","https://ieeexplore.ieee.org/abstract/document/8870152/","https://scholar.google.com/scholar?cites=2012191746995593038&as_sdt=2005&sciodt=0,5&hl=en",56,"2020-10-27 19:53:09","","","","",,,,,2,2.00,1,4,1,"… D. Replication package For replication purposes, all scripts and code used to deal with the TRAVISTORRENT dataset are available as a Jupyter notebook5. III. RESULTS In this section we report the results grouped by each research question …"
8,"Y Zeng, J Chen, W Shang, THP Chen","Studying the characteristics of logging practices in mobile apps: a case study on f-droid",2019,"Empirical Software Engineering","Springer","https://link.springer.com/article/10.1007/s10664-019-09687-9","https://scholar.google.com/scholar?cites=9950400538389421646&as_sdt=2005&sciodt=0,5&hl=en",57,"2020-10-27 19:53:09","","","","",,,,,8,8.00,2,4,1,"… The accuracy of our technique is 99%. The details of our logging statement identification script are available in our replication package. Footnote 4 … The detailed categorization can be found in our replication package. The maintenance activities of logging statements …"
17,"S Ruangwan, P Thongtanunam, A Ihara…","The impact of human factors on the participation decision of reviewers in modern code review",2019,"… Software Engineering","Springer","https://link.springer.com/article/10.1007/s10664-018-9646-1","https://scholar.google.com/scholar?cites=4346753423992596253&as_sdt=2005&sciodt=0,5&hl=en",58,"2020-10-27 19:53:09","","","","",,,,,17,17.00,4,4,1,"Modern Code Review (MCR) plays a key role in software quality practices. In MCR process, a new patch (ie, a set of code changes) is encouraged to be examined by reviewers in order to identify..."
0,"AA Bangash, H Sahar, A Hindle, K Ali","On the time-based conclusion stability of cross-project defect prediction models",2020,"Empirical Software Engineering","Springer","https://link.springer.com/article/10.1007/s10664-020-09878-9","",59,"2020-10-27 19:53:09","","","","",,,,,0,0.00,0,4,1,"Researchers in empirical software engineering often make claims based on observable data such as defect reports. Unfortunately, in many cases, these claims."
15,"A Zagalsky, DM German, MA Storey…","How the R community creates and curates knowledge: an extended study of stack overflow and mailing lists",2018,"… Software Engineering","Springer","https://link.springer.com/article/10.1007/s10664-017-9536-y","https://scholar.google.com/scholar?cites=6041953077282600465&as_sdt=2005&sciodt=0,5&hl=en",60,"2020-10-27 19:53:09","","","","",,,,,15,7.50,4,4,2,"… To prepare and process the data, we wrote our own scripts (these are included in the replication package 9 ). To ensure accurate results when processing the R-help mailing list, we followed a series of recommendations proposed by Bettenburg et al …"
12,"L Guerrouj, M Di Penta, YG Guéhéneuc…","An experimental investigation on the effects of context on source code identifiers splitting and expansion",2014,"… Software Engineering","Springer","https://link.springer.com/article/10.1007/s10664-013-9260-1","https://scholar.google.com/scholar?cites=10118320960883425968&as_sdt=2005&sciodt=0,5&hl=en",61,"2020-10-27 19:53:09","","","","",,,,,12,2.00,3,4,6,"… from the obtained results. Detailed information about the specific identifiers and contexts provided to participants is available in our replication package. 2.4.2 Exp II. Exp II was a replication of Exp I, having two main purposes: 1 …"
0,"L Liao, J Chen, H Li, Y Zeng, W Shang, J Guo…","Using black-box performance models to detect performance regressions under varying workloads: an empirical study",2020,"… Software Engineering","Springer","https://link.springer.com/article/10.1007/s10664-020-09866-z","",62,"2020-10-27 19:53:09","","","","",,,,,0,0.00,0,7,1,"Performance regressions of large-scale software systems often lead to both financial and reputational losses. In order to detect performance regressions, p."
1,"V Riccio, G Jahangirova, A Stocco…","Testing machine learning based systems: a systematic mapping",2020,"… Software Engineering","Springer","https://link.springer.com/article/10.1007/s10664-020-09881-0","https://scholar.google.com/scholar?cites=10248985084406201256&as_sdt=2005&sciodt=0,5&hl=en",63,"2020-10-27 19:53:09","HTML","","","",,,,,1,1.00,0,4,1,"A Machine Learning based System (MLS) is a software system including one or more components that learn how to perform a task from a given data set. The inc."
25,"N Bettenburg, M Nagappan, AE Hassan","Towards improving statistical modeling of software engineering data: think locally, act globally!",2015,"Empirical Software Engineering","Springer","https://link.springer.com/article/10.1007/s10664-013-9292-6","https://scholar.google.com/scholar?cites=14382539439576988965&as_sdt=2005&sciodt=0,5&hl=en",64,"2020-10-27 19:53:09","","","","",,,,,25,5.00,8,3,5,"… To allow for easier replication of our work and encourage future research, we provide all datasets, scripts and analysis steps used to generate the results presented in this paper in a replication package at http://sailhome.cs.queens.ca/replication/local-vs-global-emse …"
8,"O Chaparro, JM Florez, A Marcus","Using bug descriptions to reformulate queries during text-retrieval-based bug localization",2019,"Empirical Software Engineering","Springer","https://link.springer.com/article/10.1007/s10664-018-9672-z","https://scholar.google.com/scholar?cites=13617560531840790076&as_sdt=2005&sciodt=0,5&hl=en",65,"2020-10-27 19:53:09","","","","",,,,,8,8.00,3,3,1,"… We provide an online replication package (Chaparro et al. 2018) for our empirical study. The … anyway. Our replication package (Chaparro et al. 2018) contains the fix to Locus' issue, as well as the code we used to run our experiments …"
0,"B Chen, ZMJ Jiang","Extracting and studying the Logging-Code-Issue-Introducing changes in Java-based large-scale open source software systems",2019,"Empirical Software Engineering","Springer","https://link.springer.com/content/pdf/10.1007/s10664-019-09690-0.pdf","",66,"2020-10-27 19:53:09","","","","",,,,,0,0.00,0,2,1,"… encourage further research in the area of “how-to-log”, we have provided a large-scale benchmarking dataset, which contains 8,748 LCII changes from six large-scale open source systems, each consisting of six to ten years of development history (The replication package 2018 …"
1,"S Fakhoury, D Roy, Y Ma, V Arnaoudova…","Measuring the impact of lexical and structural inconsistencies on developers' cognitive load during bug localization",2019,"… Software Engineering","Springer","https://link.springer.com/content/pdf/10.1007/s10664-019-09751-4.pdf","https://scholar.google.com/scholar?cites=2548644295345939342&as_sdt=2005&sciodt=0,5&hl=en",67,"2020-10-27 19:53:09","","","","",,,,,1,1.00,0,5,1,"… 6. A replication package (Fakhoury 2018a), which includes the source code snippets used for our experiment, to allow reproducibility of our results … All snippets and treatments can be found online in our replication package (Fakhoury 2018a). 3.2.2 Bugs …"
4,"B Xu, L An, F Thung, F Khomh, D Lo","Why reinventing the wheels? An empirical study on library reuse and re-implementation",2020,"Empirical Software Engineering","Springer","https://link.springer.com/article/10.1007/s10664-019-09771-0","https://scholar.google.com/scholar?cites=133745530661121206&as_sdt=2005&sciodt=0,5&hl=en",68,"2020-10-27 19:53:09","","","","",,,,,4,4.00,1,5,1,"Nowadays, with the rapid growth of open source software (OSS), library reuse becomes more and more popular since a large amount of third- party libraries are available to download and reuse. A deeper..."
1,"T Das, M Di Penta, I Malavolta","Characterizing the evolution of statically-detectable performance issues of Android apps",2020,"Empirical Software Engineering","Springer","https://link.springer.com/content/pdf/10.1007/s10664-019-09798-3.pdf","https://scholar.google.com/scholar?cites=16423600565141213893&as_sdt=2005&sciodt=0,5&hl=en",69,"2020-10-27 19:53:09","","","","",,,,,1,1.00,0,3,1,"… A complete replication package is publicly available8 for allowing independent replica- tion and verification of our study. The replication package includes the Python and shell scripts for identifying the targeted Android apps …"
2,"F Zampetti, C Vassallo, S Panichella, G Canfora…","An empirical characterization of bad practices in continuous integration",2020,"… Software Engineering","Springer","https://link.springer.com/content/pdf/10.1007/s10664-019-09785-8.pdf","https://scholar.google.com/scholar?cites=4498669126740465774&as_sdt=2005&sciodt=0,5&hl=en",70,"2020-10-27 19:53:09","","","","",,,,,2,2.00,0,5,1,"… developer activity. It's up to developers to decide when performing refactoring”). The complete set of collected sentences is available in our replication package (Zampetti et al. 2019). 3.2.3 Analysis of Stack Overflow Posts As …"
9,"B Sharif, J Meinken, T Shaffer, H Kagdi","Eye movements in software traceability link recovery",2017,"Empirical Software Engineering","Springer","https://link.springer.com/article/10.1007/s10664-016-9486-9","https://scholar.google.com/scholar?cites=4260074271209688423&as_sdt=2005&sciodt=0,5&hl=en",71,"2020-10-27 19:53:09","","","","",,,,,9,3.00,2,4,3,"… All study material with a replication package is available online. 2. 6.2 Subject System … Please refer to the replication package for the description presented to participants. On the day of the study, the developers worked with the JabRef source code in the Eclipse IDE …"
3,"P Salza, F Palomba, D Di Nucci, A De Lucia…","Third-party libraries in mobile apps",2020,"… Software Engineering","Springer","https://link.springer.com/article/10.1007/s10664-019-09754-1","https://scholar.google.com/scholar?cites=6451838642026341718&as_sdt=2005&sciodt=0,5&hl=en",72,"2020-10-27 19:53:09","","","","",,,,,3,3.00,1,5,1,"… Replication Package. Besides the contributions reported above, we provide a comprehensive replication package containing the raw data and scripts used to carry out the empirical study (Salza et al. 2019). Structure of the Paper. The paper is organized as follows …"
1,"K Yao, H Li, W Shang, AE Hassan","A study of the performance of general compressors on log files",2020,"Empirical Software Engineering","Springer","https://link.springer.com/article/10.1007/s10664-020-09822-x","https://scholar.google.com/scholar?cites=15023821278383202069&as_sdt=2005&sciodt=0,5&hl=en",73,"2020-10-27 19:53:09","","","","",,,,,1,1.00,0,4,1,"Large-scale software systems and cloud services continue to produce a large amount of log data. Such log data is usually preserved for a long time (eg, f."
9,"G Catolino, F Palomba, FA Fontana, A De Lucia…","Improving change prediction models with code smell-related information",2020,"… Software Engineering","Springer","https://link.springer.com/article/10.1007/s10664-019-09739-0","https://scholar.google.com/scholar?cites=16020708259328995494&as_sdt=2005&sciodt=0,5&hl=en",74,"2020-10-27 19:53:09","","","","",,,,,9,9.00,2,5,1,"… 4. A replication package that includes all the raw data and working data sets of our study (Catolino et al. 2018a). Structure of the Paper. Section 2 discusses the related literature on change prediction models and code smells …"
0,"S Scalabrino, G Bavota, M Linares-Vásquez…","API compatibility issues in Android: Causes and effectiveness of data-driven detection techniques",2020,"… Software Engineering","Springer","https://link.springer.com/article/10.1007/s10664-020-09877-w","",75,"2020-10-27 19:53:09","","","","",,,,,0,0.00,0,4,1,"… The qualitative study represents its main novel contribution. We release all the data used in both studies as part of a replication package (Scalabrino et al. 2020), which also includes our tool, ACRyL. Paper Structure. Section …"
3,"M Alahmadi, A Khormi, B Parajuli, J Hassel…","Code Localization in Programming Screencasts",2020,"… Software Engineering","Springer","https://link.springer.com/article/10.1007/s10664-019-09759-w","https://scholar.google.com/scholar?cites=8571751611866275674&as_sdt=2005&sciodt=0,5&hl=en",76,"2020-10-27 19:53:09","","","","",,,,,3,3.00,1,5,1,"Programming screencasts are growing in popularity and are often used by developers as a learning source. The source code shown in these screencasts is ofte."
5,"P Thongtanunam, W Shang, AE Hassan","Will this clone be short-lived? Towards a better understanding of the characteristics of short-lived clones",2019,"Empirical Software Engineering","Springer","https://link.springer.com/article/10.1007/s10664-018-9645-2","https://scholar.google.com/scholar?cites=4695316247841581318&as_sdt=2005&sciodt=0,5&hl=en",77,"2020-10-27 19:53:09","","","","",,,,,5,5.00,2,3,1,"Code clones are created when a developer duplicates a code fragment to reuse existing functionalities. Mitigating clones by refactoring them helps ease the long-term maintenance of large software..."
27,"R Coelho, L Almeida, G Gousios…","Exception handling bug hazards in Android",2017,"… Software Engineering","Springer","https://link.springer.com/article/10.1007/s10664-016-9443-7","https://scholar.google.com/scholar?cites=10055433403048886403&as_sdt=2005&sciodt=0,5&hl=en",78,"2020-10-27 19:53:09","","","","",,,,,27,9.00,7,4,3,"Adequate handling of exceptions has proven difficult for many software engineers. Mobile app developers in particular, have to cope with compatibility, middleware, memory constraints, and battery..."
10,"M Riaz, J King, J Slankas, L Williams…","Identifying the implied: Findings from three differentiated replications on the use of security requirements templates",2017,"… Software Engineering","Springer","https://link.springer.com/article/10.1007/s10664-016-9481-1","https://scholar.google.com/scholar?cites=16972435745404300688&as_sdt=2005&sciodt=0,5&hl=en",79,"2020-10-27 19:53:09","","","","",,,,,10,3.33,2,5,3,"Identifying security requirements early on can lay the foundation for secure software development. Security requirements are often implied by existing functional requirements but are mostly left..."
5,"Z Soh, F Khomh, YG Guéhéneuc, G Antoniol","Noise in Mylyn interaction traces and its impact on developers and recommendation systems",2018,"… Software Engineering","Springer","https://link.springer.com/article/10.1007/s10664-017-9529-x","https://scholar.google.com/scholar?cites=9651947362705126272&as_sdt=2005&sciodt=0,5&hl=en",80,"2020-10-27 19:53:09","","","","",,,,,5,2.50,1,4,2,"Interaction traces (ITs) are developers' logs collected while developers maintain or evolve software systems. Researchers use ITs to study developers' editing styles and recommend relevant program..."
0,"RS Farias, RM de Souza, JD McGregor…","Designing smart city mobile applications",2019,"… Software Engineering","Springer","https://link.springer.com/article/10.1007/s10664-019-09723-8","",81,"2020-10-27 19:53:09","","","","",,,,,0,0.00,0,4,1,"… Fig. 2 figure2. Research Analysis Process. Full size image. Further details of the design and execution of the case study and reverse-engineering are described in our complementary material site Footnote 1 , which provides a full replication package of this study. Case Selection …"
0,"C Mills, E Parra, J Pantiuchina, G Bavota…","On the relationship between bug reports and queries for text retrieval-based bug localization",2020,"… Software Engineering","Springer","https://link.springer.com/article/10.1007/s10664-020-09823-w","",82,"2020-10-27 19:53:09","","","","",,,,,0,0.00,0,5,1,"As societal dependence on software continues to grow, bugs are becoming increasingly costly in terms of financial resources as well as human safety. Bug lo."
20,"H Li, THP Chen, W Shang, AE Hassan","Studying software logging using topic models",2018,"Empirical Software Engineering","Springer","https://link.springer.com/article/10.1007/s10664-018-9595-8","https://scholar.google.com/scholar?cites=13612967562861038841&as_sdt=2005&sciodt=0,5&hl=en",83,"2020-10-27 19:53:09","","","","",,,,,20,10.00,5,4,2,"Software developers insert logging statements in their source code to record important runtime information; such logged information is valuable for understanding system usage in production and..."
3,"C Coviello, S Romano, G Scanniello","An empirical study of inadequate and adequate test suite reduction approaches",2018,"… Empirical Software Engineering …","dl.acm.org","https://dl.acm.org/doi/abs/10.1145/3239235.3240497","https://scholar.google.com/scholar?cites=2809022883377298194&as_sdt=2005&sciodt=0,5&hl=en",84,"2020-10-27 19:53:09","","","","",,,,,3,1.50,1,3,2,"… This implies that our statistical inference did not allow us to individually study the effect of Approach and Coverage on the dependent variables.5 The reader can find a replication package on the web,6 where she can have access to the raw data and the scripts used for the data …"
2,"F Medeiros, G Lima, G Amaral, S Apel…","An investigation of misunderstanding code patterns in C open-source software projects",2019,"… Software Engineering","Springer","https://link.springer.com/article/10.1007/s10664-018-9666-x","https://scholar.google.com/scholar?cites=5247069261814202402&as_sdt=2005&sciodt=0,5&hl=en",85,"2020-10-27 19:53:09","","","","",,,,,2,2.00,0,5,1,"… which might be one of the reasons for the rather low acceptance rate. A replication package for this study is available at our supplementary Website 2 and Zenodo (Medeiros et al. 2018b). The key contributions of this article are …"
0,"S Herbold, A Trautsch, F Trautsch","On the feasibility of automated prediction of bug and non-bug issues",2020,"Empirical Software Engineering","Springer","https://link.springer.com/article/10.1007/s10664-020-09885-w","",86,"2020-10-27 19:53:09","HTML","","","",,,,,0,0.00,0,3,1,"Issue tracking systems are used to track and describe tasks in the development process, eg, requested feature improvements or reported bugs. However, pas."
21,"C Vendome, G Bavota, M Di Penta…","License usage and changes: a large-scale study on gitHub",2017,"… Software Engineering","Springer","https://link.springer.com/content/pdf/10.1007/s10664-016-9438-4.pdf","https://scholar.google.com/scholar?cites=6467686720847834268&as_sdt=2005&sciodt=0,5&hl=en",87,"2020-10-27 19:53:09","","","","",,,,,21,7.00,5,4,3,"Page 1. Empir Software Eng (2017) 22:1537–1577 DOI 10.1007/s10664-016-9438- 4 License usage and changes: a large-scale study on gitHub Christopher Vendome1 ·Gabriele Bavota2 · Massimiliano Di Penta3 ·Mario Linares …"
0,"V Piantadosi, F Fierro, S Scalabrino…","How does code readability change during software evolution?",2020,"… Software Engineering","Springer","https://link.springer.com/article/10.1007/s10664-020-09886-9","",88,"2020-10-27 19:53:09","","","","",,,,,0,0.00,0,4,1,"Code reading is one of the most frequent activities in software maintenance. Such an activity aims at acquiring information from the code and, thus, it is."
5,"TD LaToza, M Arab, D Loksa, AJ Ko","Explicit programming strategies",2020,"Empirical Software Engineering","Springer","https://link.springer.com/content/pdf/10.1007/s10664-020-09810-1.pdf","https://scholar.google.com/scholar?cites=11317672368904910475&as_sdt=2005&sciodt=0,5&hl=en",89,"2020-10-27 19:53:09","","","","",,,,,5,5.00,1,4,1,"Page 1. Explicit programming strategies Thomas D. LaToza1 & Maryam Arab2 & Dastyni Loksa1 & Amy J. Ko1 © Springer Science+Business Media, LLC, part of Springer Nature 2020 Abstract Software developers solve a diverse and wide range of problems …"
4,"EC Neto, DA da Costa…","Revisiting and improving SZZ implementations",2019,"… Software Engineering and …","ieeexplore.ieee.org","https://ieeexplore.ieee.org/abstract/document/8870178/","https://scholar.google.com/scholar?cites=15679387672264089966&as_sdt=2005&sciodt=0,5&hl=en",90,"2020-10-27 19:53:09","","","","",,,,,4,4.00,1,3,1,"… [33] recently proposed a new refactoring- detection tool, (coined as RMiner) which has a high accu- racy for detecting refactoring operations. RMiner supports 15 4Our replication package can be found at https://github.com/danielcalencar/ esem2019 refactoring types …"
9,"MS Rakha, CP Bezemer, AE Hassan","Revisiting the performance of automated approaches for the retrieval of duplicate reports in issue tracking systems that perform just-in-time duplicate retrieval",2018,"Empirical Software Engineering","Springer","https://link.springer.com/article/10.1007/s10664-017-9590-5","https://scholar.google.com/scholar?cites=17943274667549095639&as_sdt=2005&sciodt=0,5&hl=en",91,"2020-10-27 19:53:09","","","","",,,,,9,4.50,3,3,2,"… We applied the same pre-processing steps for all studied issue reports. For a more precise description of these steps, we refer to our replication package (Rakha et al. 2017a). 3.3 Studying the Characteristics of Duplicate Reports …"
41,"E Hill, D Binkley, D Lawrie, L Pollock…","An empirical study of identifier splitting techniques",2014,"… Software Engineering","Springer","https://link.springer.com/article/10.1007/s10664-013-9261-0","https://scholar.google.com/scholar?cites=7649302960942876969&as_sdt=2005&sciodt=0,5&hl=en",92,"2020-10-27 19:53:09","","","","",,,,,41,6.83,8,5,6,"Researchers have shown that program analyses that drive software development and maintenance tools supporting search, traceability and other tasks can benefit from leveraging the natural language..."
3,"A Razzaq, A Le Gear, C Exton, J Buckley","An empirical assessment of baseline feature location techniques",2020,"Empirical Software Engineering","Springer","https://link.springer.com/article/10.1007/s10664-019-09734-5","https://scholar.google.com/scholar?cites=1533246256073536567&as_sdt=2005&sciodt=0,5&hl=en",93,"2020-10-27 19:53:09","","","","",,,,,3,3.00,1,4,1,"Feature Location (FL) aims to locate observable functionalities in source code. Considering its key role in software maintenance, a vast array of automated."
0,"C Gralha, M Goulão, J Araujo","Are there gender differences when interacting with social goal models?",2020,"Empirical Software Engineering","Springer","https://link.springer.com/article/10.1007/s10664-020-09883-y","",94,"2020-10-27 19:53:09","","","","",,,,,0,0.00,0,3,1,"Research has shown gender differences in problem-solving, and gender biases in how software supports it. GenderMag has five problem-solving facets related."
1,"M Ochodek, R Hebig, W Meding, G Frost…","Recognizing lines of code violating company-specific coding guidelines using machine learning",2020,"… Software Engineering","Springer","https://link.springer.com/article/10.1007/s10664-019-09769-8","https://scholar.google.com/scholar?cites=13252971775946383764&as_sdt=2005&sciodt=0,5&hl=en",95,"2020-10-27 19:53:09","HTML","","","",,,,,1,1.00,0,5,1,"Software developers in big and medium-size companies are working with millions of lines of code in their codebases. Assuring the quality of this code has s."
1,"R Krishna, T Menzies","Learning actionable analytics from multiple software projects",2020,"Empirical Software Engineering","Springer","https://link.springer.com/article/10.1007/s10664-020-09843-6","https://scholar.google.com/scholar?cites=4842131770009495742&as_sdt=2005&sciodt=0,5&hl=en",96,"2020-10-27 19:53:09","","","","",,,,,1,1.00,1,2,1,"The current generation of software analytics tools are mostly prediction algorithms (eg support vector machines, naive bayes, logistic regression, etc)."
28,"M Yan, Y Fang, D Lo, X Xia…","File-level defect prediction: Unsupervised vs. supervised models",2017,"… Software Engineering and …","ieeexplore.ieee.org","https://ieeexplore.ieee.org/abstract/document/8170121/","https://scholar.google.com/scholar?cites=2695747950899617473&as_sdt=2005&sciodt=0,5&hl=en",97,"2020-10-27 19:53:09","","","","",,,,,28,9.33,6,5,3,"Page 1. File-Level Defect Prediction: Unsupervised vs. Supervised Models Meng Yan ∗† , Yicheng Fang † , David Lo ‡ , Xin Xia § , and Xiaohong Zhang † ∗ College of Computer Science and Technology, Zhejiang University …"
0,"A Viticchié, L Regano, C Basile, M Torchiano…","Empirical assessment of the effort needed to attack programs protected with client/server code splitting",2020,"… Software Engineering","Springer","https://link.springer.com/article/10.1007/s10664-019-09738-1","",98,"2020-10-27 19:53:09","","","","",,,,,0,0.00,0,5,1,"Context Code hardening is meant to fight malicious tampering with sensitive code executed on client hosts. Code splitting is a hardening technique that moves selected chunks of code from client to..."
5,"C Casalnuovo, K Sagae, P Devanbu","Studying the difference between natural and programming language corpora",2019,"Empirical Software Engineering","Springer","https://link.springer.com/article/10.1007/s10664-018-9669-7","https://scholar.google.com/scholar?cites=12464897699178626420&as_sdt=2005&sciodt=0,5&hl=en",99,"2020-10-27 19:53:09","","","","",,,,,5,5.00,2,3,1,"… suggestion. A partial replication package for the data, source code, and experiments in this paper can be found at https://github.com/caseycas/CodeNLPReplication. 2 Theory. We provide a few definitions used throughout this paper …"
2,"G Rocha, F Castor, G Pinto","Comprehending Energy Behaviors of Java I/O APIs",2019,"… on Empirical Software Engineering …","ieeexplore.ieee.org","https://ieeexplore.ieee.org/abstract/document/8870158/","https://scholar.google.com/scholar?cites=9861383657260897973&as_sdt=2005&sciodt=0,5&hl=en",100,"2020-10-27 19:53:09","","","","",,,,,2,2.00,1,3,1,"… maximum (-Xmx). No other JVM options were employed. Replication Package All data created in this study are available for replication and reproduction purposes at: https: //doi.org/10.5281/zenodo.3253349. III. RESULTS RQ1 …"
4,"G Rodríguez-Pérez, G Robles, A Serebrenik…","How bugs are born: a model to identify how bugs are introduced in software components",2020,"… Software Engineering","Springer","https://link.springer.com/content/pdf/10.1007/s10664-019-09781-y.pdf","https://scholar.google.com/scholar?cites=7758016770729523990&as_sdt=2005&sciodt=0,5&hl=en",101,"2020-10-27 19:53:09","PDF","","","",,,,,4,4.00,1,4,1,"Page 1. Empirical Software Engineering https://doi.org/10.1007/s10664-019-09781- y How bugs are born: a model to identify how bugs are introduced in software components Gema Rodrıguez-P érez1 ·Gregorio Robles2 ·Alexander …"
0,"RP Gema, G Robles, S Alexander…","How bugs are born: a model to identify how bugs are introduced in software components",2020,"Empirical Software …","search.proquest.com","http://search.proquest.com/openview/d06833ce5e87dd847b3d23f06a834225/1?pq-origsite=gscholar&cbl=326341","",102,"2020-10-27 19:53:09","","","","",,,,,0,0.00,0,4,1,"Page 1. https://doi.org/10.1007/s10664-019-09781-y How bugs are born: a model to identify how bugs are introduced in software components Gema Rodrıguez-P érez1 ·Gregorio Robles2 ·Alexander Serebrenik3 · Andy Zaidman4 …"
0,"Y Li, ZMJ Jiang","Assessing and optimizing the performance impact of the just-in-time configuration parameters-a case study on PyPy",2019,"Empirical Software Engineering","Springer","https://link.springer.com/content/pdf/10.1007/s10664-019-09691-z.pdf","",103,"2020-10-27 19:53:09","","","","",,,,,0,0.00,0,2,1,"Page 1. Empirical Software Engineering (2019) 24:2323–2363 https://doi.org/10.1007/s10664- 019-09691-z Assessing and optimizing the performance impact of the just-in-time configuration parameters - a case study on PyPy Yangguang Li1 ·Zhen Ming (Jack) Jiang1 …"
6,"CV Alexandru, S Panichella, S Proksch…","Redundancy-free analysis of multi-revision software artifacts",2019,"… Software Engineering","Springer","https://link.springer.com/article/10.1007/s10664-018-9630-9","https://scholar.google.com/scholar?cites=15019942686038520854&as_sdt=2005&sciodt=0,5&hl=en",104,"2020-10-27 19:53:09","","","","",,,,,6,6.00,2,4,1,"… We further discuss current limitations of LISA as well as the potential future uses for other kinds of software evolution research. We provide a comprehensive replication package 2 together with this work. It contains all scripts …"
0,"T Amanatidis, N Mittas, A Moschou…","Evaluating the agreement among technical debt measurement tools: building an empirical benchmark of technical debt liabilities",2020,"… Software Engineering","Springer","https://link.springer.com/article/10.1007/s10664-020-09869-w","",105,"2020-10-27 19:53:09","","","","",,,,,0,0.00,0,4,1,"Software teams are often asked to deliver new features within strict deadlines leading developers to deliberately or inadvertently serve “not quite r."
3,"C Vassallo, S Proksch, T Zemp, HC Gall","Every build you break: Developer-oriented assistance for build failure resolution",2019,"Empirical Software Engineering","Springer","https://link.springer.com/content/pdf/10.1007/s10664-019-09765-y.pdf","https://scholar.google.com/scholar?cites=17565959994099411759&as_sdt=2005&sciodt=0,5&hl=en",106,"2020-10-27 19:53:09","","","","",,,,,3,3.00,1,4,1,"Page 1. Empirical Software Engineering https://doi.org/10.1007/s10664-019-09765-y Every build you break: developer-oriented assistance for build failure resolution Carmine Vassallo1 ·Sebastian Proksch1 ·Timothy Zemp1 ·Harald C. Gall1 …"
1,"A Mazuera-Rozo, J Bautista-Mora…","The Android OS stack and its vulnerabilities: an empirical study",2019,"… Software Engineering","Springer","https://link.springer.com/content/pdf/10.1007/s10664-019-09689-7.pdf","https://scholar.google.com/scholar?cites=9060804757697710006&as_sdt=2005&sciodt=0,5&hl=en",107,"2020-10-27 19:53:09","","","","",,,,,1,1.00,0,3,1,"Page 1. Empirical Software Engineering (2019) 24:2056–2101 https://doi.org/10.1007/s10664- 019-09689-7 The Android OS stack and its vulnerabilities: an empirical study Alejandro Mazuera-Rozo1,2 ·Jairo Bautista-Mora1 ·Mario Linares-V ásquez1 …"
1,"A Mazuera-Rozo, C Trubiani…","Investigating types and survivability of performance bugs in mobile apps",2020,"… Software Engineering","Springer","https://link.springer.com/content/pdf/10.1007/s10664-019-09795-6.pdf","https://scholar.google.com/scholar?cites=5564680027359373642&as_sdt=2005&sciodt=0,5&hl=en",108,"2020-10-27 19:53:09","","","","",,,,,1,1.00,0,3,1,"Page 1. Empirical Software Engineering https://doi.org/10.1007/s10664-019-09795-6 Investigating types and survivability of performance bugs in mobile apps Alejandro Mazuera-Rozo1,2 ·Catia Trubiani3 ·Mario Linares-V ásquez2 · Gabriele Bavota1 …"
2,"P Behnamghader, P Meemeng, I Fostiropoulos…","A scalable and efficient approach for compiling and analyzing commit history",2018,"… Software Engineering …","dl.acm.org","https://dl.acm.org/doi/abs/10.1145/3239235.3239237","https://scholar.google.com/scholar?cites=11414625913921295365&as_sdt=2005&sciodt=0,5&hl=en",109,"2020-10-27 19:53:09","","","","",,,,,2,1.00,1,4,2,"Page 1. A Scalable and Efficient Approach for Compiling and Analyzing Commit History Pooyan Behnamghader University of Southern Califronia pbehnamg@usc.edu Patavee Meemeng University of Southern Califronia meemeng@usc.edu …"
1,"MFC Nazário, E Guerra, R Bonifácio…","Detecting and reporting object-relational mapping problems: An industrial report",2019,"… Software Engineering …","ieeexplore.ieee.org","https://ieeexplore.ieee.org/abstract/document/8870163/","https://scholar.google.com/scholar?cites=3196861113190142446&as_sdt=2005&sciodt=0,5&hl=en",110,"2020-10-27 19:53:09","","","","",,,,,1,1.00,0,4,1,"… The audio was recorded and later transcribed. Replication Package. We provide the materials used in this study (eg, the virtual machine, the transcripts, etc), as well as the source code of our framework: https://tiny.cc/qtfeaz. A. DX Findings Benefits …"
0,"R De Souza Coelho, L Almeida…","Exception handling bug hazards in Android: Results from a mining study and an exploratory survey",2017,"Empirical Software …","repository.tudelft.nl","https://repository.tudelft.nl/islandora/object/uuid:e82ac7a2-c6e6-4c73-a8ba-e1b3243673fd","",111,"2020-10-27 19:53:09","","","","",,,,,0,0.00,0,3,3,"Page 1. Delft University of Technology Exception handling bug hazards in Android Results from a mining study and an exploratory survey Coelho, Roberta; Almeida, Lucas; Gousios, Georgios; van Deursen, Arie; Treude, Christoph …"
16,"G Avelino, E Constantinou, MT Valente…","On the abandonment and survival of open source projects: An empirical investigation",2019,"… Empirical Software …","ieeexplore.ieee.org","https://ieeexplore.ieee.org/abstract/document/8870181/","https://scholar.google.com/scholar?cites=9231907261713287669&as_sdt=2005&sciodt=0,5&hl=en",112,"2020-10-27 19:53:09","","","","",,,,,16,16.00,4,4,1,"Page 1. On the abandonment and survival of open source projects: An empirical investigation Guilherme Avelino Federal University of Piaui Piaui, Brazil gaa@ufpi.edu.br Eleni Constantinou University of Mons Mons, Belgium eleni.constantinou@umons.ac.be …"
10,"FE Zanaty, T Hirao, S McIntosh, A Ihara…","An empirical study of design discussions in code review",2018,"… Software Engineering …","dl.acm.org","https://dl.acm.org/doi/abs/10.1145/3239235.3239525","https://scholar.google.com/scholar?cites=16871082411790438758&as_sdt=2005&sciodt=0,5&hl=en",113,"2020-10-27 19:53:09","","","","",,,,,10,5.00,2,5,2,"Page 1. An Empirical Study of Design Discussions in Code Review Farida El Zanaty McGill University Montréal, Canada farida.elzanaty@mail.mcgill.ca Toshiki Hirao Nara Institute of Science and Technology Nara, Japan hirao.toshiki.ho7@is.naist.jp …"
